Workbook
Name r_DWZDM_r: #REF!

Sheet 汇总表
A1: 华东区域指挥部存量逾期账款汇总表
B2: 单位：万元
A3: 序号 | B3: 所属经营部 | C3: 经营小组 | D3: 责任人 | E3: 期初逾期 | F3: 期末逾期金额（3.31） | L3: 累计回款 | M3: 回款率
F4: 逾期账龄 | K4: 合计金额
F5: 3个月以内 | G5: 3-6个月 | H5: 6-12个月 | I5: 1-3年 | J5: 3年以上
A6: 1 | B6: 浙江省经营部 | C6: 杭州经营小组 | D6: 唐作栋 | E6: 894.85204 | F6: {=(SUMPRODUCT((华东区域指挥部主办逾期!$L$3:$L$31>0)*(华东区域指挥部主办逾期!$T$3:$T$31=D6)*华东区域指挥部主办逾期!$L$3:$L$31*华东区域指挥部主办逾期!$Q$3:$Q$31*华东区域指挥部主办逾期!$U$3:$U$31)+SUMPRODUCT((华东区域指挥部主办逾期!$L$3:$L$31>0)*(华东区域指挥部主办逾期!$W$3:$W$31=D6)*华东区域指挥部主办逾期!$L$3:$L$31*华东区域指挥部主办逾期!$Q$3:$Q$31*华东区域指挥部主办逾期!$X$3:$X$31)+SUMPRODUCT((华东区域指挥协办逾期!$L$3:$L$10>0)*(华东区域指挥协办逾期!$T$3:$T$10=D6)*华东区域指挥协办逾期!$L$3:$L$10*华东区域指挥协办逾期!$Q$3:$Q$10*华东区域指挥协办逾期!$U$3:$U$10)+SUMPRODUCT((华东区域指挥协办逾期!$L$3:$L$10>0)*(华东区域指挥协办逾期!$W$3:$W$10=D6)*华东区域指挥协办逾期!$L$3:$L$10*华东区域指挥协办逾期!$Q$3:$Q$10*华东区域指挥协办逾期!$X$3:$X$10))/10000} -> 0 | G6: {=(SUMPRODUCT((华东区域指挥部主办逾期!$M$3:$M$31>0)*(华东区域指挥部主办逾期!$T$3:$T$31=D6)*华东区域指挥部主办逾期!$M$3:$M$31*华东区域指挥部主办逾期!$Q$3:$Q$31*华东区域指挥部主办逾期!$U$3:$U$31)+SUMPRODUCT((华东区域指挥部主办逾期!$M$3:$M$31>0)*(华东区域指挥部主办逾期!$W$3:$W$31=D6)*华东区域指挥部主办逾期!$M$3:$M$31*华东区域指挥部主办逾期!$Q$3:$Q$31*华东区域指挥部主办逾期!$X$3:$X$31)+SUMPRODUCT((华东区域指挥协办逾期!$M$3:$M$10>0)*(华东区域指挥协办逾期!$T$3:$T$10=D6)*华东区域指挥协办逾期!$M$3:$M$10*华东区域指挥协办逾期!$Q$3:$Q$10*华东区域指挥协办逾期!$U$3:$U$10)+SUMPRODUCT((华东区域指挥协办逾期!$M$3:$M$10>0)*(华东区域指挥协办逾期!$W$3:$W$10=D6)*华东区域指挥协办逾期!$M$3:$M$10*华东区域指挥协办逾期!$Q$3:$Q$10*华东区域指挥协办逾期!$X$3:$X$10))/10000} -> 383.9201 | H6: {=(SUMPRODUCT((华东区域指挥部主办逾期!$N$3:$N$31>0)*(华东区域指挥部主办逾期!$T$3:$T$31=D6)*华东区域指挥部主办逾期!$N$3:$N$31*华东区域指挥部主办逾期!$Q$3:$Q$31*华东区域指挥部主办逾期!$U$3:$U$31)+SUMPRODUCT((华东区域指挥部主办逾期!$N$3:$N$31>0)*(华东区域指挥部主办逾期!$W$3:$W$31=D6)*华东区域指挥部主办逾期!$N$3:$N$31*华东区域指挥部主办逾期!$Q$3:$Q$31*华东区域指挥部主办逾期!$X$3:$X$31)+SUMPRODUCT((华东区域指挥协办逾期!$N$3:$N$10>0)*(华东区域指挥协办逾期!$T$3:$T$10=D6)*华东区域指挥协办逾期!$N$3:$N$10*华东区域指挥协办逾期!$Q$3:$Q$10*华东区域指挥协办逾期!$U$3:$U$10)+SUMPRODUCT((华东区域指挥协办逾期!$N$3:$N$10>0)*(华东区域指挥协办逾期!$W$3:$W$10=D6)*华东区域指挥协办逾期!$N$3:$N$10*华东区域指挥协办逾期!$Q$3:$Q$10*华东区域指挥协办逾期!$X$3:$X$10))/10000} -> 32.07 | I6: {=(SUMPRODUCT((华东区域指挥部主办逾期!$O$3:$O$31>0)*(华东区域指挥部主办逾期!$T$3:$T$31=D6)*华东区域指挥部主办逾期!$O$3:$O$31*华东区域指挥部主办逾期!$Q$3:$Q$31*华东区域指挥部主办逾期!$U$3:$U$31)+SUMPRODUCT((华东区域指挥部主办逾期!$O$3:$O$31>0)*(华东区域指挥部主办逾期!$W$3:$W$31=D6)*华东区域指挥部主办逾期!$O$3:$O$31*华东区域指挥部主办逾期!$Q$3:$Q$31*华东区域指挥部主办逾期!$X$3:$X$31)+SUMPRODUCT((华东区域指挥协办逾期!$O$3:$O$10>0)*(华东区域指挥协办逾期!$T$3:$T$10=D6)*华东区域指挥协办逾期!$O$3:$O$10*华东区域指挥协办逾期!$Q$3:$Q$10*华东区域指挥协办逾期!$U$3:$U$10)+SUMPRODUCT((华东区域指挥协办逾期!$O$3:$O$10>0)*(华东区域指挥协办逾期!$W$3:$W$10=D6)*华东区域指挥协办逾期!$O$3:$O$10*华东区域指挥协办逾期!$Q$3:$Q$10*华东区域指挥协办逾期!$X$3:$X$10))/10000} -> 0 | J6: {=(SUMPRODUCT((华东区域指挥部主办逾期!$P$3:$P$31>0)*(华东区域指挥部主办逾期!$T$3:$T$31=D6)*华东区域指挥部主办逾期!$P$3:$P$31*华东区域指挥部主办逾期!$Q$3:$Q$31*华东区域指挥部主办逾期!$U$3:$U$31)+SUMPRODUCT((华东区域指挥部主办逾期!$P$3:$P$31>0)*(华东区域指挥部主办逾期!$W$3:$W$31=D6)*华东区域指挥部主办逾期!$P$3:$P$31*华东区域指挥部主办逾期!$Q$3:$Q$31*华东区域指挥部主办逾期!$X$3:$X$31)+SUMPRODUCT((华东区域指挥协办逾期!$P$3:$P$10>0)*(华东区域指挥协办逾期!$T$3:$T$10=D6)*华东区域指挥协办逾期!$P$3:$P$10*华东区域指挥协办逾期!$Q$3:$Q$10*华东区域指挥协办逾期!$U$3:$U$10)+SUMPRODUCT((华东区域指挥协办逾期!$P$3:$P$10>0)*(华东区域指挥协办逾期!$W$3:$W$10=D6)*华东区域指挥协办逾期!$P$3:$P$10*华东区域指挥协办逾期!$Q$3:$Q$10*华东区域指挥协办逾期!$X$3:$X$10))/10000} -> 69.9776 | K6: =SUM(F6:J6) -> 485.9677 | L6: =E6-K6 -> 408.88434 | M6: =L6/E6 -> 0.45692955
A7: 2 | D7: 刘新峥 | E7: 547.803 | F7: {=(SUMPRODUCT((华东区域指挥部主办逾期!$L$3:$L$31>0)*(华东区域指挥部主办逾期!$T$3:$T$31=D7)*华东区域指挥部主办逾期!$L$3:$L$31*华东区域指挥部主办逾期!$Q$3:$Q$31*华东区域指挥部主办逾期!$U$3:$U$31)+SUMPRODUCT((华东区域指挥部主办逾期!$L$3:$L$31>0)*(华东区域指挥部主办逾期!$W$3:$W$31=D7)*华东区域指挥部主办逾期!$L$3:$L$31*华东区域指挥部主办逾期!$Q$3:$Q$31*华东区域指挥部主办逾期!$X$3:$X$31)+SUMPRODUCT((华东区域指挥协办逾期!$L$3:$L$10>0)*(华东区域指挥协办逾期!$T$3:$T$10=D7)*华东区域指挥协办逾期!$L$3:$L$10*华东区域指挥协办逾期!$Q$3:$Q$10*华东区域指挥协办逾期!$U$3:$U$10)+SUMPRODUCT((华东区域指挥协办逾期!$L$3:$L$10>0)*(华东区域指挥协办逾期!$W$3:$W$10=D7)*华东区域指挥协办逾期!$L$3:$L$10*华东区域指挥协办逾期!$Q$3:$Q$10*华东区域指挥协办逾期!$X$3:$X$10))/10000} -> 0 | G7: {=(SUMPRODUCT((华东区域指挥部主办逾期!$M$3:$M$31>0)*(华东区域指挥部主办逾期!$T$3:$T$31=D7)*华东区域指挥部主办逾期!$M$3:$M$31*华东区域指挥部主办逾期!$Q$3:$Q$31*华东区域指挥部主办逾期!$U$3:$U$31)+SUMPRODUCT((华东区域指挥部主办逾期!$M$3:$M$31>0)*(华东区域指挥部主办逾期!$W$3:$W$31=D7)*华东区域指挥部主办逾期!$M$3:$M$31*华东区域指挥部主办逾期!$Q$3:$Q$31*华东区域指挥部主办逾期!$X$3:$X$31)+SUMPRODUCT((华东区域指挥协办逾期!$M$3:$M$10>0)*(华东区域指挥协办逾期!$T$3:$T$10=D7)*华东区域指挥协办逾期!$M$3:$M$10*华东区域指挥协办逾期!$Q$3:$Q$10*华东区域指挥协办逾期!$U$3:$U$10)+SUMPRODUCT((华东区域指挥协办逾期!$M$3:$M$10>0)*(华东区域指挥协办逾期!$W$3:$W$10=D7)*华东区域指挥协办逾期!$M$3:$M$10*华东区域指挥协办逾期!$Q$3:$Q$10*华东区域指挥协办逾期!$X$3:$X$10))/10000} -> 168.6729 | H7: {=(SUMPRODUCT((华东区域指挥部主办逾期!$N$3:$N$31>0)*(华东区域指挥部主办逾期!$T$3:$T$31=D7)*华东区域指挥部主办逾期!$N$3:$N$31*华东区域指挥部主办逾期!$Q$3:$Q$31*华东区域指挥部主办逾期!$U$3:$U$31)+SUMPRODUCT((华东区域指挥部主办逾期!$N$3:$N$31>0)*(华东区域指挥部主办逾期!$W$3:$W$31=D7)*华东区域指挥部主办逾期!$N$3:$N$31*华东区域指挥部主办逾期!$Q$3:$Q$31*华东区域指挥部主办逾期!$X$3:$X$31)+SUMPRODUCT((华东区域指挥协办逾期!$N$3:$N$10>0)*(华东区域指挥协办逾期!$T$3:$T$10=D7)*华东区域指挥协办逾期!$N$3:$N$10*华东区域指挥协办逾期!$Q$3:$Q$10*华东区域指挥协办逾期!$U$3:$U$10)+SUMPRODUCT((华东区域指挥协办逾期!$N$3:$N$10>0)*(华东区域指挥协办逾期!$W$3:$W$10=D7)*华东区域指挥协办逾期!$N$3:$N$10*华东区域指挥协办逾期!$Q$3:$Q$10*华东区域指挥协办逾期!$X$3:$X$10))/10000} -> 0 | I7: {=(SUMPRODUCT((华东区域指挥部主办逾期!$O$3:$O$31>0)*(华东区域指挥部主办逾期!$T$3:$T$31=D7)*华东区域指挥部主办逾期!$O$3:$O$31*华东区域指挥部主办逾期!$Q$3:$Q$31*华东区域指挥部主办逾期!$U$3:$U$31)+SUMPRODUCT((华东区域指挥部主办逾期!$O$3:$O$31>0)*(华东区域指挥部主办逾期!$W$3:$W$31=D7)*华东区域指挥部主办逾期!$O$3:$O$31*华东区域指挥部主办逾期!$Q$3:$Q$31*华东区域指挥部主办逾期!$X$3:$X$31)+SUMPRODUCT((华东区域指挥协办逾期!$O$3:$O$10>0)*(华东区域指挥协办逾期!$T$3:$T$10=D7)*华东区域指挥协办逾期!$O$3:$O$10*华东区域指挥协办逾期!$Q$3:$Q$10*华东区域指挥协办逾期!$U$3:$U$10)+SUMPRODUCT((华东区域指挥协办逾期!$O$3:$O$10>0)*(华东区域指挥协办逾期!$W$3:$W$10=D7)*华东区域指挥协办逾期!$O$3:$O$10*华东区域指挥协办逾期!$Q$3:$Q$10*华东区域指挥协办逾期!$X$3:$X$10))/10000} -> 0 | J7: {=(SUMPRODUCT((华东区域指挥部主办逾期!$P$3:$P$31>0)*(华东区域指挥部主办逾期!$T$3:$T$31=D7)*华东区域指挥部主办逾期!$P$3:$P$31*华东区域指挥部主办逾期!$Q$3:$Q$31*华东区域指挥部主办逾期!$U$3:$U$31)+SUMPRODUCT((华东区域指挥部主办逾期!$P$3:$P$31>0)*(华东区域指挥部主办逾期!$W$3:$W$31=D7)*华东区域指挥部主办逾期!$P$3:$P$31*华东区域指挥部主办逾期!$Q$3:$Q$31*华东区域指挥部主办逾期!$X$3:$X$31)+SUMPRODUCT((华东区域指挥协办逾期!$P$3:$P$10>0)*(华东区域指挥协办逾期!$T$3:$T$10=D7)*华东区域指挥协办逾期!$P$3:$P$10*华东区域指挥协办逾期!$Q$3:$Q$10*华东区域指挥协办逾期!$U$3:$U$10)+SUMPRODUCT((华东区域指挥协办逾期!$P$3:$P$10>0)*(华东区域指挥协办逾期!$W$3:$W$10=D7)*华东区域指挥协办逾期!$P$3:$P$10*华东区域指挥协办逾期!$Q$3:$Q$10*华东区域指挥协办逾期!$X$3:$X$10))/10000} -> 17.4944 | K7: =SUM(F7:J7) -> 186.1673 | L7: =E7-K7 -> 361.6357 | M7: =L7/E7 -> 0.66015648
A8: 3 | D8: 小计 | E8: 1442.655 | F8: =SUM(F6:F7) -> 0 | G8: =SUM(G6:G7) -> 552.593 | H8: =SUM(H6:H6) -> 32.07 | I8: =SUM(I6:I6) -> 0 | J8: =SUM(J6:J7) -> 87.472 | K8: =SUM(K6:K7) -> 672.135 | L8: =SUM(L6:L7) -> 770.52004 | M8: =L8/E8 -> 0.5340986
A9: 4 | C9: 宁波经营小组 | D9: 沈腾飞 | E9: 0 | F9: {=(SUMPRODUCT((华东区域指挥部主办逾期!$L$3:$L$31>0)*(华东区域指挥部主办逾期!$T$3:$T$31=D9)*华东区域指挥部主办逾期!$L$3:$L$31*华东区域指挥部主办逾期!$Q$3:$Q$31*华东区域指挥部主办逾期!$U$3:$U$31)+SUMPRODUCT((华东区域指挥部主办逾期!$L$3:$L$31>0)*(华东区域指挥部主办逾期!$W$3:$W$31=D9)*华东区域指挥部主办逾期!$L$3:$L$31*华东区域指挥部主办逾期!$Q$3:$Q$31*华东区域指挥部主办逾期!$X$3:$X$31)+SUMPRODUCT((华东区域指挥协办逾期!$L$3:$L$10>0)*(华东区域指挥协办逾期!$T$3:$T$10=D9)*华东区域指挥协办逾期!$L$3:$L$10*华东区域指挥协办逾期!$Q$3:$Q$10*华东区域指挥协办逾期!$U$3:$U$10)+SUMPRODUCT((华东区域指挥协办逾期!$L$3:$L$10>0)*(华东区域指挥协办逾期!$W$3:$W$10=D9)*华东区域指挥协办逾期!$L$3:$L$10*华东区域指挥协办逾期!$Q$3:$Q$10*华东区域指挥协办逾期!$X$3:$X$10))/10000} -> 0 | G9: {=(SUMPRODUCT((华东区域指挥部主办逾期!$M$3:$M$31>0)*(华东区域指挥部主办逾期!$T$3:$T$31=D9)*华东区域指挥部主办逾期!$M$3:$M$31*华东区域指挥部主办逾期!$Q$3:$Q$31*华东区域指挥部主办逾期!$U$3:$U$31)+SUMPRODUCT((华东区域指挥部主办逾期!$M$3:$M$31>0)*(华东区域指挥部主办逾期!$W$3:$W$31=D9)*华东区域指挥部主办逾期!$M$3:$M$31*华东区域指挥部主办逾期!$Q$3:$Q$31*华东区域指挥部主办逾期!$X$3:$X$31)+SUMPRODUCT((华东区域指挥协办逾期!$M$3:$M$10>0)*(华东区域指挥协办逾期!$T$3:$T$10=D9)*华东区域指挥协办逾期!$M$3:$M$10*华东区域指挥协办逾期!$Q$3:$Q$10*华东区域指挥协办逾期!$U$3:$U$10)+SUMPRODUCT((华东区域指挥协办逾期!$M$3:$M$10>0)*(华东区域指挥协办逾期!$W$3:$W$10=D9)*华东区域指挥协办逾期!$M$3:$M$10*华东区域指挥协办逾期!$Q$3:$Q$10*华东区域指挥协办逾期!$X$3:$X$10))/10000} -> 0 | H9: {=(SUMPRODUCT((华东区域指挥部主办逾期!$N$3:$N$31>0)*(华东区域指挥部主办逾期!$T$3:$T$31=D9)*华东区域指挥部主办逾期!$N$3:$N$31*华东区域指挥部主办逾期!$Q$3:$Q$31*华东区域指挥部主办逾期!$U$3:$U$31)+SUMPRODUCT((华东区域指挥部主办逾期!$N$3:$N$31>0)*(华东区域指挥部主办逾期!$W$3:$W$31=D9)*华东区域指挥部主办逾期!$N$3:$N$31*华东区域指挥部主办逾期!$Q$3:$Q$31*华东区域指挥部主办逾期!$X$3:$X$31)+SUMPRODUCT((华东区域指挥协办逾期!$N$3:$N$10>0)*(华东区域指挥协办逾期!$T$3:$T$10=D9)*华东区域指挥协办逾期!$N$3:$N$10*华东区域指挥协办逾期!$Q$3:$Q$10*华东区域指挥协办逾期!$U$3:$U$10)+SUMPRODUCT((华东区域指挥协办逾期!$N$3:$N$10>0)*(华东区域指挥协办逾期!$W$3:$W$10=D9)*华东区域指挥协办逾期!$N$3:$N$10*华东区域指挥协办逾期!$Q$3:$Q$10*华东区域指挥协办逾期!$X$3:$X$10))/10000} -> 0 | I9: {=(SUMPRODUCT((华东区域指挥部主办逾期!$O$3:$O$31>0)*(华东区域指挥部主办逾期!$T$3:$T$31=D9)*华东区域指挥部主办逾期!$O$3:$O$31*华东区域指挥部主办逾期!$Q$3:$Q$31*华东区域指挥部主办逾期!$U$3:$U$31)+SUMPRODUCT((华东区域指挥部主办逾期!$O$3:$O$31>0)*(华东区域指挥部主办逾期!$W$3:$W$31=D9)*华东区域指挥部主办逾期!$O$3:$O$31*华东区域指挥部主办逾期!$Q$3:$Q$31*华东区域指挥部主办逾期!$X$3:$X$31)+SUMPRODUCT((华东区域指挥协办逾期!$O$3:$O$10>0)*(华东区域指挥协办逾期!$T$3:$T$10=D9)*华东区域指挥协办逾期!$O$3:$O$10*华东区域指挥协办逾期!$Q$3:$Q$10*华东区域指挥协办逾期!$U$3:$U$10)+SUMPRODUCT((华东区域指挥协办逾期!$O$3:$O$10>0)*(华东区域指挥协办逾期!$W$3:$W$10=D9)*华东区域指挥协办逾期!$O$3:$O$10*华东区域指挥协办逾期!$Q$3:$Q$10*华东区域指挥协办逾期!$X$3:$X$10))/10000} -> 0 | J9: {=(SUMPRODUCT((华东区域指挥部主办逾期!$P$3:$P$31>0)*(华东区域指挥部主办逾期!$T$3:$T$31=D9)*华东区域指挥部主办逾期!$P$3:$P$31*华东区域指挥部主办逾期!$Q$3:$Q$31*华东区域指挥部主办逾期!$U$3:$U$31)+SUMPRODUCT((华东区域指挥部主办逾期!$P$3:$P$31>0)*(华东区域指挥部主办逾期!$W$3:$W$31=D9)*华东区域指挥部主办逾期!$P$3:$P$31*华东区域指挥部主办逾期!$Q$3:$Q$31*华东区域指挥部主办逾期!$X$3:$X$31)+SUMPRODUCT((华东区域指挥协办逾期!$P$3:$P$10>0)*(华东区域指挥协办逾期!$T$3:$T$10=D9)*华东区域指挥协办逾期!$P$3:$P$10*华东区域指挥协办逾期!$Q$3:$Q$10*华东区域指挥协办逾期!$U$3:$U$10)+SUMPRODUCT((华东区域指挥协办逾期!$P$3:$P$10>0)*(华东区域指挥协办逾期!$W$3:$W$10=D9)*华东区域指挥协办逾期!$P$3:$P$10*华东区域指挥协办逾期!$Q$3:$Q$10*华东区域指挥协办逾期!$X$3:$X$10))/10000} -> 0 | K9: =SUM(F9:J9) -> 0 | L9: =E9-K9 -> 0 | M9: =L9/E9 -> #DIV/0!
A10: 5 | D10: 袁志凌 | E10: 74.3 | F10: {=(SUMPRODUCT((华东区域指挥部主办逾期!$L$3:$L$31>0)*(华东区域指挥部主办逾期!$T$3:$T$31=D10)*华东区域指挥部主办逾期!$L$3:$L$31*华东区域指挥部主办逾期!$Q$3:$Q$31*华东区域指挥部主办逾期!$U$3:$U$31)+SUMPRODUCT((华东区域指挥部主办逾期!$L$3:$L$31>0)*(华东区域指挥部主办逾期!$W$3:$W$31=D10)*华东区域指挥部主办逾期!$L$3:$L$31*华东区域指挥部主办逾期!$Q$3:$Q$31*华东区域指挥部主办逾期!$X$3:$X$31)+SUMPRODUCT((华东区域指挥协办逾期!$L$3:$L$10>0)*(华东区域指挥协办逾期!$T$3:$T$10=D10)*华东区域指挥协办逾期!$L$3:$L$10*华东区域指挥协办逾期!$Q$3:$Q$10*华东区域指挥协办逾期!$U$3:$U$10)+SUMPRODUCT((华东区域指挥协办逾期!$L$3:$L$10>0)*(华东区域指挥协办逾期!$W$3:$W$10=D10)*华东区域指挥协办逾期!$L$3:$L$10*华东区域指挥协办逾期!$Q$3:$Q$10*华东区域指挥协办逾期!$X$3:$X$10))/10000} -> 0 | G10: {=(SUMPRODUCT((华东区域指挥部主办逾期!$M$3:$M$31>0)*(华东区域指挥部主办逾期!$T$3:$T$31=D10)*华东区域指挥部主办逾期!$M$3:$M$31*华东区域指挥部主办逾期!$Q$3:$Q$31*华东区域指挥部主办逾期!$U$3:$U$31)+SUMPRODUCT((华东区域指挥部主办逾期!$M$3:$M$31>0)*(华东区域指挥部主办逾期!$W$3:$W$31=D10)*华东区域指挥部主办逾期!$M$3:$M$31*华东区域指挥部主办逾期!$Q$3:$Q$31*华东区域指挥部主办逾期!$X$3:$X$31)+SUMPRODUCT((华东区域指挥协办逾期!$M$3:$M$10>0)*(华东区域指挥协办逾期!$T$3:$T$10=D10)*华东区域指挥协办逾期!$M$3:$M$10*华东区域指挥协办逾期!$Q$3:$Q$10*华东区域指挥协办逾期!$U$3:$U$10)+SUMPRODUCT((华东区域指挥协办逾期!$M$3:$M$10>0)*(华东区域指挥协办逾期!$W$3:$W$10=D10)*华东区域指挥协办逾期!$M$3:$M$10*华东区域指挥协办逾期!$Q$3:$Q$10*华东区域指挥协办逾期!$X$3:$X$10))/10000} -> 0 | H10: {=(SUMPRODUCT((华东区域指挥部主办逾期!$N$3:$N$31>0)*(华东区域指挥部主办逾期!$T$3:$T$31=D10)*华东区域指挥部主办逾期!$N$3:$N$31*华东区域指挥部主办逾期!$Q$3:$Q$31*华东区域指挥部主办逾期!$U$3:$U$31)+SUMPRODUCT((华东区域指挥部主办逾期!$N$3:$N$31>0)*(华东区域指挥部主办逾期!$W$3:$W$31=D10)*华东区域指挥部主办逾期!$N$3:$N$31*华东区域指挥部主办逾期!$Q$3:$Q$31*华东区域指挥部主办逾期!$X$3:$X$31)+SUMPRODUCT((华东区域指挥协办逾期!$N$3:$N$10>0)*(华东区域指挥协办逾期!$T$3:$T$10=D10)*华东区域指挥协办逾期!$N$3:$N$10*华东区域指挥协办逾期!$Q$3:$Q$10*华东区域指挥协办逾期!$U$3:$U$10)+SUMPRODUCT((华东区域指挥协办逾期!$N$3:$N$10>0)*(华东区域指挥协办逾期!$W$3:$W$10=D10)*华东区域指挥协办逾期!$N$3:$N$10*华东区域指挥协办逾期!$Q$3:$Q$10*华东区域指挥协办逾期!$X$3:$X$10))/10000} -> 0 | I10: {=(SUMPRODUCT((华东区域指挥部主办逾期!$O$3:$O$31>0)*(华东区域指挥部主办逾期!$T$3:$T$31=D10)*华东区域指挥部主办逾期!$O$3:$O$31*华东区域指挥部主办逾期!$Q$3:$Q$31*华东区域指挥部主办逾期!$U$3:$U$31)+SUMPRODUCT((华东区域指挥部主办逾期!$O$3:$O$31>0)*(华东区域指挥部主办逾期!$W$3:$W$31=D10)*华东区域指挥部主办逾期!$O$3:$O$31*华东区域指挥部主办逾期!$Q$3:$Q$31*华东区域指挥部主办逾期!$X$3:$X$31)+SUMPRODUCT((华东区域指挥协办逾期!$O$3:$O$10>0)*(华东区域指挥协办逾期!$T$3:$T$10=D10)*华东区域指挥协办逾期!$O$3:$O$10*华东区域指挥协办逾期!$Q$3:$Q$10*华东区域指挥协办逾期!$U$3:$U$10)+SUMPRODUCT((华东区域指挥协办逾期!$O$3:$O$10>0)*(华东区域指挥协办逾期!$W$3:$W$10=D10)*华东区域指挥协办逾期!$O$3:$O$10*华东区域指挥协办逾期!$Q$3:$Q$10*华东区域指挥协办逾期!$X$3:$X$10))/10000} -> 74.3 | J10: {=(SUMPRODUCT((华东区域指挥部主办逾期!$P$3:$P$31>0)*(华东区域指挥部主办逾期!$T$3:$T$31=D10)*华东区域指挥部主办逾期!$P$3:$P$31*华东区域指挥部主办逾期!$Q$3:$Q$31*华东区域指挥部主办逾期!$U$3:$U$31)+SUMPRODUCT((华东区域指挥部主办逾期!$P$3:$P$31>0)*(华东区域指挥部主办逾期!$W$3:$W$31=D10)*华东区域指挥部主办逾期!$P$3:$P$31*华东区域指挥部主办逾期!$Q$3:$Q$31*华东区域指挥部主办逾期!$X$3:$X$31)+SUMPRODUCT((华东区域指挥协办逾期!$P$3:$P$10>0)*(华东区域指挥协办逾期!$T$3:$T$10=D10)*华东区域指挥协办逾期!$P$3:$P$10*华东区域指挥协办逾期!$Q$3:$Q$10*华东区域指挥协办逾期!$U$3:$U$10)+SUMPRODUCT((华东区域指挥协办逾期!$P$3:$P$10>0)*(华东区域指挥协办逾期!$W$3:$W$10=D10)*华东区域指挥协办逾期!$P$3:$P$10*华东区域指挥协办逾期!$Q$3:$Q$10*华东区域指挥协办逾期!$X$3:$X$10))/10000} -> 0 | K10: =SUM(F10:J10) -> 74.3 | L10: =E10-K10 -> 0 | M10: =L10/E10 -> 0
A11: 6 | D11: 万赛 | E11: 629.2399 | F11: {=(SUMPRODUCT((华东区域指挥部主办逾期!$L$3:$L$31>0)*(华东区域指挥部主办逾期!$T$3:$T$31=D11)*华东区域指挥部主办逾期!$L$3:$L$31*华东区域指挥部主办逾期!$Q$3:$Q$31*华东区域指挥部主办逾期!$U$3:$U$31)+SUMPRODUCT((华东区域指挥部主办逾期!$L$3:$L$31>0)*(华东区域指挥部主办逾期!$W$3:$W$31=D11)*华东区域指挥部主办逾期!$L$3:$L$31*华东区域指挥部主办逾期!$Q$3:$Q$31*华东区域指挥部主办逾期!$X$3:$X$31)+SUMPRODUCT((华东区域指挥协办逾期!$L$3:$L$10>0)*(华东区域指挥协办逾期!$T$3:$T$10=D11)*华东区域指挥协办逾期!$L$3:$L$10*华东区域指挥协办逾期!$Q$3:$Q$10*华东区域指挥协办逾期!$U$3:$U$10)+SUMPRODUCT((华东区域指挥协办逾期!$L$3:$L$10>0)*(华东区域指挥协办逾期!$W$3:$W$10=D11)*华东区域指挥协办逾期!$L$3:$L$10*华东区域指挥协办逾期!$Q$3:$Q$10*华东区域指挥协办逾期!$X$3:$X$10))/10000} -> 0 | G11: {=(SUMPRODUCT((华东区域指挥部主办逾期!$M$3:$M$31>0)*(华东区域指挥部主办逾期!$T$3:$T$31=D11)*华东区域指挥部主办逾期!$M$3:$M$31*华东区域指挥部主办逾期!$Q$3:$Q$31*华东区域指挥部主办逾期!$U$3:$U$31)+SUMPRODUCT((华东区域指挥部主办逾期!$M$3:$M$31>0)*(华东区域指挥部主办逾期!$W$3:$W$31=D11)*华东区域指挥部主办逾期!$M$3:$M$31*华东区域指挥部主办逾期!$Q$3:$Q$31*华东区域指挥部主办逾期!$X$3:$X$31)+SUMPRODUCT((华东区域指挥协办逾期!$M$3:$M$10>0)*(华东区域指挥协办逾期!$T$3:$T$10=D11)*华东区域指挥协办逾期!$M$3:$M$10*华东区域指挥协办逾期!$Q$3:$Q$10*华东区域指挥协办逾期!$U$3:$U$10)+SUMPRODUCT((华东区域指挥协办逾期!$M$3:$M$10>0)*(华东区域指挥协办逾期!$W$3:$W$10=D11)*华东区域指挥协办逾期!$M$3:$M$10*华东区域指挥协办逾期!$Q$3:$Q$10*华东区域指挥协办逾期!$X$3:$X$10))/10000} -> 25.56 | H11: {=(SUMPRODUCT((华东区域指挥部主办逾期!$N$3:$N$31>0)*(华东区域指挥部主办逾期!$T$3:$T$31=D11)*华东区域指挥部主办逾期!$N$3:$N$31*华东区域指挥部主办逾期!$Q$3:$Q$31*华东区域指挥部主办逾期!$U$3:$U$31)+SUMPRODUCT((华东区域指挥部主办逾期!$N$3:$N$31>0)*(华东区域指挥部主办逾期!$W$3:$W$31=D11)*华东区域指挥部主办逾期!$N$3:$N$31*华东区域指挥部主办逾期!$Q$3:$Q$31*华东区域指挥部主办逾期!$X$3:$X$31)+SUMPRODUCT((华东区域指挥协办逾期!$N$3:$N$10>0)*(华东区域指挥协办逾期!$T$3:$T$10=D11)*华东区域指挥协办逾期!$N$3:$N$10*华东区域指挥协办逾期!$Q$3:$Q$10*华东区域指挥协办逾期!$U$3:$U$10)+SUMPRODUCT((华东区域指挥协办逾期!$N$3:$N$10>0)*(华东区域指挥协办逾期!$W$3:$W$10=D11)*华东区域指挥协办逾期!$N$3:$N$10*华东区域指挥协办逾期!$Q$3:$Q$10*华东区域指挥协办逾期!$X$3:$X$10))/10000} -> 269.78 | I11: {=(SUMPRODUCT((华东区域指挥部主办逾期!$O$3:$O$31>0)*(华东区域指挥部主办逾期!$T$3:$T$31=D11)*华东区域指挥部主办逾期!$O$3:$O$31*华东区域指挥部主办逾期!$Q$3:$Q$31*华东区域指挥部主办逾期!$U$3:$U$31)+SUMPRODUCT((华东区域指挥部主办逾期!$O$3:$O$31>0)*(华东区域指挥部主办逾期!$W$3:$W$31=D11)*华东区域指挥部主办逾期!$O$3:$O$31*华东区域指挥部主办逾期!$Q$3:$Q$31*华东区域指挥部主办逾期!$X$3:$X$31)+SUMPRODUCT((华东区域指挥协办逾期!$O$3:$O$10>0)*(华东区域指挥协办逾期!$T$3:$T$10=D11)*华东区域指挥协办逾期!$O$3:$O$10*华东区域指挥协办逾期!$Q$3:$Q$10*华东区域指挥协办逾期!$U$3:$U$10)+SUMPRODUCT((华东区域指挥协办逾期!$O$3:$O$10>0)*(华东区域指挥协办逾期!$W$3:$W$10=D11)*华东区域指挥协办逾期!$O$3:$O$10*华东区域指挥协办逾期!$Q$3:$Q$10*华东区域指挥协办逾期!$X$3:$X$10))/10000} -> 0 | J11: {=(SUMPRODUCT((华东区域指挥部主办逾期!$P$3:$P$31>0)*(华东区域指挥部主办逾期!$T$3:$T$31=D11)*华东区域指挥部主办逾期!$P$3:$P$31*华东区域指挥部主办逾期!$Q$3:$Q$31*华东区域指挥部主办逾期!$U$3:$U$31)+SUMPRODUCT((华东区域指挥部主办逾期!$P$3:$P$31>0)*(华东区域指挥部主办逾期!$W$3:$W$31=D11)*华东区域指挥部主办逾期!$P$3:$P$31*华东区域指挥部主办逾期!$Q$3:$Q$31*华东区域指挥部主办逾期!$X$3:$X$31)+SUMPRODUCT((华东区域指挥协办逾期!$P$3:$P$10>0)*(华东区域指挥协办逾期!$T$3:$T$10=D11)*华东区域指挥协办逾期!$P$3:$P$10*华东区域指挥协办逾期!$Q$3:$Q$10*华东区域指挥协办逾期!$U$3:$U$10)+SUMPRODUCT((华东区域指挥协办逾期!$P$3:$P$10>0)*(华东区域指挥协办逾期!$W$3:$W$10=D11)*华东区域指挥协办逾期!$P$3:$P$10*华东区域指挥协办逾期!$Q$3:$Q$10*华东区域指挥协办逾期!$X$3:$X$10))/10000} -> 193.89989 | K11: =SUM(F11:J11) -> 489.23989 | L11: =E11-K11 -> 140 | M11: \
A12: 7 | D12: 小计 | E12: 703.5399 | F12: =SUM(F9:F11) -> 0 | G12: =SUM(G9:G11) -> 25.56 | H12: =SUM(H9:H11) -> 269.78 | I12: =SUM(I9:I11) -> 74.3 | J12: =SUM(J9:J11) -> 193.89989 | K12: =SUM(K9:K11) -> 563.5399 | L12: =SUM(L9:L11) -> 140 | M12: =L12/E12 -> 0.19899369
A13: 8 | C13: 浙江小计 | E13: 2146.1949 | F13: =SUM(F8,F12) -> 0 | G13: =SUM(G8,G12) -> 578.153 | H13: =SUM(H8,H12) -> 301.85 | I13: =SUM(I8,I12) -> 74.3 | J13: =SUM(J8,J12) -> 281.37189 | K13: =SUM(K8,K12) -> 1235.6749 | L13: =SUM(L8,L12) -> 910.52004 | M13: =L13/E13 -> 0.42424853
A14: 9 | B14: 上海经营部 | C14: 上海经营小组 | D14: 穆华清 | E14: 186.18068 | F14: {=(SUMPRODUCT((华东区域指挥部主办逾期!$L$3:$L$31>0)*(华东区域指挥部主办逾期!$T$3:$T$31=D14)*华东区域指挥部主办逾期!$L$3:$L$31*华东区域指挥部主办逾期!$Q$3:$Q$31*华东区域指挥部主办逾期!$U$3:$U$31)+SUMPRODUCT((华东区域指挥部主办逾期!$L$3:$L$31>0)*(华东区域指挥部主办逾期!$W$3:$W$31=D14)*华东区域指挥部主办逾期!$L$3:$L$31*华东区域指挥部主办逾期!$Q$3:$Q$31*华东区域指挥部主办逾期!$X$3:$X$31)+SUMPRODUCT((华东区域指挥协办逾期!$L$3:$L$10>0)*(华东区域指挥协办逾期!$T$3:$T$10=D14)*华东区域指挥协办逾期!$L$3:$L$10*华东区域指挥协办逾期!$Q$3:$Q$10*华东区域指挥协办逾期!$U$3:$U$10)+SUMPRODUCT((华东区域指挥协办逾期!$L$3:$L$10>0)*(华东区域指挥协办逾期!$W$3:$W$10=D14)*华东区域指挥协办逾期!$L$3:$L$10*华东区域指挥协办逾期!$Q$3:$Q$10*华东区域指挥协办逾期!$X$3:$X$10))/10000} -> 0 | G14: {=(SUMPRODUCT((华东区域指挥部主办逾期!$M$3:$M$31>0)*(华东区域指挥部主办逾期!$T$3:$T$31=D14)*华东区域指挥部主办逾期!$M$3:$M$31*华东区域指挥部主办逾期!$Q$3:$Q$31*华东区域指挥部主办逾期!$U$3:$U$31)+SUMPRODUCT((华东区域指挥部主办逾期!$M$3:$M$31>0)*(华东区域指挥部主办逾期!$W$3:$W$31=D14)*华东区域指挥部主办逾期!$M$3:$M$31*华东区域指挥部主办逾期!$Q$3:$Q$31*华东区域指挥部主办逾期!$X$3:$X$31)+SUMPRODUCT((华东区域指挥协办逾期!$M$3:$M$10>0)*(华东区域指挥协办逾期!$T$3:$T$10=D14)*华东区域指挥协办逾期!$M$3:$M$10*华东区域指挥协办逾期!$Q$3:$Q$10*华东区域指挥协办逾期!$U$3:$U$10)+SUMPRODUCT((华东区域指挥协办逾期!$M$3:$M$10>0)*(华东区域指挥协办逾期!$W$3:$W$10=D14)*华东区域指挥协办逾期!$M$3:$M$10*华东区域指挥协办逾期!$Q$3:$Q$10*华东区域指挥协办逾期!$X$3:$X$10))/10000} -> 65.08061 | H14: {=(SUMPRODUCT((华东区域指挥部主办逾期!$N$3:$N$31>0)*(华东区域指挥部主办逾期!$T$3:$T$31=D14)*华东区域指挥部主办逾期!$N$3:$N$31*华东区域指挥部主办逾期!$Q$3:$Q$31*华东区域指挥部主办逾期!$U$3:$U$31)+SUMPRODUCT((华东区域指挥部主办逾期!$N$3:$N$31>0)*(华东区域指挥部主办逾期!$W$3:$W$31=D14)*华东区域指挥部主办逾期!$N$3:$N$31*华东区域指挥部主办逾期!$Q$3:$Q$31*华东区域指挥部主办逾期!$X$3:$X$31)+SUMPRODUCT((华东区域指挥协办逾期!$N$3:$N$10>0)*(华东区域指挥协办逾期!$T$3:$T$10=D14)*华东区域指挥协办逾期!$N$3:$N$10*华东区域指挥协办逾期!$Q$3:$Q$10*华东区域指挥协办逾期!$U$3:$U$10)+SUMPRODUCT((华东区域指挥协办逾期!$N$3:$N$10>0)*(华东区域指挥协办逾期!$W$3:$W$10=D14)*华东区域指挥协办逾期!$N$3:$N$10*华东区域指挥协办逾期!$Q$3:$Q$10*华东区域指挥协办逾期!$X$3:$X$10))/10000} -> 0 | I14: {=(SUMPRODUCT((华东区域指挥部主办逾期!$O$3:$O$31>0)*(华东区域指挥部主办逾期!$T$3:$T$31=D14)*华东区域指挥部主办逾期!$O$3:$O$31*华东区域指挥部主办逾期!$Q$3:$Q$31*华东区域指挥部主办逾期!$U$3:$U$31)+SUMPRODUCT((华东区域指挥部主办逾期!$O$3:$O$31>0)*(华东区域指挥部主办逾期!$W$3:$W$31=D14)*华东区域指挥部主办逾期!$O$3:$O$31*华东区域指挥部主办逾期!$Q$3:$Q$31*华东区域指挥部主办逾期!$X$3:$X$31)+SUMPRODUCT((华东区域指挥协办逾期!$O$3:$O$10>0)*(华东区域指挥协办逾期!$T$3:$T$10=D14)*华东区域指挥协办逾期!$O$3:$O$10*华东区域指挥协办逾期!$Q$3:$Q$10*华东区域指挥协办逾期!$U$3:$U$10)+SUMPRODUCT((华东区域指挥协办逾期!$O$3:$O$10>0)*(华东区域指挥协办逾期!$W$3:$W$10=D14)*华东区域指挥协办逾期!$O$3:$O$10*华东区域指挥协办逾期!$Q$3:$Q$10*华东区域指挥协办逾期!$X$3:$X$10))/10000} -> 78.71962 | J14: {=(SUMPRODUCT((华东区域指挥部主办逾期!$P$3:$P$31>0)*(华东区域指挥部主办逾期!$T$3:$T$31=D14)*华东区域指挥部主办逾期!$P$3:$P$31*华东区域指挥部主办逾期!$Q$3:$Q$31*华东区域指挥部主办逾期!$U$3:$U$31)+SUMPRODUCT((华东区域指挥部主办逾期!$P$3:$P$31>0)*(华东区域指挥部主办逾期!$W$3:$W$31=D14)*华东区域指挥部主办逾期!$P$3:$P$31*华东区域指挥部主办逾期!$Q$3:$Q$31*华东区域指挥部主办逾期!$X$3:$X$31)+SUMPRODUCT((华东区域指挥协办逾期!$P$3:$P$10>0)*(华东区域指挥协办逾期!$T$3:$T$10=D14)*华东区域指挥协办逾期!$P$3:$P$10*华东区域指挥协办逾期!$Q$3:$Q$10*华东区域指挥协办逾期!$U$3:$U$10)+SUMPRODUCT((华东区域指挥协办逾期!$P$3:$P$10>0)*(华东区域指挥协办逾期!$W$3:$W$10=D14)*华东区域指挥协办逾期!$P$3:$P$10*华东区域指挥协办逾期!$Q$3:$Q$10*华东区域指挥协办逾期!$X$3:$X$10))/10000} -> 0 | K14: =SUM(F14:J14) -> 143.80023 | L14: =E14-K14 -> 42.38045 | M14: =L14/E14 -> 0.22763076
A15: 10 | D15: 赵宇瑄 | E15: 1103.3427 | F15: {=(SUMPRODUCT((华东区域指挥部主办逾期!$L$3:$L$31>0)*(华东区域指挥部主办逾期!$T$3:$T$31=D15)*华东区域指挥部主办逾期!$L$3:$L$31*华东区域指挥部主办逾期!$Q$3:$Q$31*华东区域指挥部主办逾期!$U$3:$U$31)+SUMPRODUCT((华东区域指挥部主办逾期!$L$3:$L$31>0)*(华东区域指挥部主办逾期!$W$3:$W$31=D15)*华东区域指挥部主办逾期!$L$3:$L$31*华东区域指挥部主办逾期!$Q$3:$Q$31*华东区域指挥部主办逾期!$X$3:$X$31)+SUMPRODUCT((华东区域指挥协办逾期!$L$3:$L$10>0)*(华东区域指挥协办逾期!$T$3:$T$10=D15)*华东区域指挥协办逾期!$L$3:$L$10*华东区域指挥协办逾期!$Q$3:$Q$10*华东区域指挥协办逾期!$U$3:$U$10)+SUMPRODUCT((华东区域指挥协办逾期!$L$3:$L$10>0)*(华东区域指挥协办逾期!$W$3:$W$10=D15)*华东区域指挥协办逾期!$L$3:$L$10*华东区域指挥协办逾期!$Q$3:$Q$10*华东区域指挥协办逾期!$X$3:$X$10))/10000} -> 0 | G15: {=(SUMPRODUCT((华东区域指挥部主办逾期!$M$3:$M$31>0)*(华东区域指挥部主办逾期!$T$3:$T$31=D15)*华东区域指挥部主办逾期!$M$3:$M$31*华东区域指挥部主办逾期!$Q$3:$Q$31*华东区域指挥部主办逾期!$U$3:$U$31)+SUMPRODUCT((华东区域指挥部主办逾期!$M$3:$M$31>0)*(华东区域指挥部主办逾期!$W$3:$W$31=D15)*华东区域指挥部主办逾期!$M$3:$M$31*华东区域指挥部主办逾期!$Q$3:$Q$31*华东区域指挥部主办逾期!$X$3:$X$31)+SUMPRODUCT((华东区域指挥协办逾期!$M$3:$M$10>0)*(华东区域指挥协办逾期!$T$3:$T$10=D15)*华东区域指挥协办逾期!$M$3:$M$10*华东区域指挥协办逾期!$Q$3:$Q$10*华东区域指挥协办逾期!$U$3:$U$10)+SUMPRODUCT((华东区域指挥协办逾期!$M$3:$M$10>0)*(华东区域指挥协办逾期!$W$3:$W$10=D15)*华东区域指挥协办逾期!$M$3:$M$10*华东区域指挥协办逾期!$Q$3:$Q$10*华东区域指挥协办逾期!$X$3:$X$10))/10000} -> 486.25734 | H15: {=(SUMPRODUCT((华东区域指挥部主办逾期!$N$3:$N$31>0)*(华东区域指挥部主办逾期!$T$3:$T$31=D15)*华东区域指挥部主办逾期!$N$3:$N$31*华东区域指挥部主办逾期!$Q$3:$Q$31*华东区域指挥部主办逾期!$U$3:$U$31)+SUMPRODUCT((华东区域指挥部主办逾期!$N$3:$N$31>0)*(华东区域指挥部主办逾期!$W$3:$W$31=D15)*华东区域指挥部主办逾期!$N$3:$N$31*华东区域指挥部主办逾期!$Q$3:$Q$31*华东区域指挥部主办逾期!$X$3:$X$31)+SUMPRODUCT((华东区域指挥协办逾期!$N$3:$N$10>0)*(华东区域指挥协办逾期!$T$3:$T$10=D15)*华东区域指挥协办逾期!$N$3:$N$10*华东区域指挥协办逾期!$Q$3:$Q$10*华东区域指挥协办逾期!$U$3:$U$10)+SUMPRODUCT((华东区域指挥协办逾期!$N$3:$N$10>0)*(华东区域指挥协办逾期!$W$3:$W$10=D15)*华东区域指挥协办逾期!$N$3:$N$10*华东区域指挥协办逾期!$Q$3:$Q$10*华东区域指挥协办逾期!$X$3:$X$10))/10000} -> 231.40317 | I15: {=(SUMPRODUCT((华东区域指挥部主办逾期!$O$3:$O$31>0)*(华东区域指挥部主办逾期!$T$3:$T$31=D15)*华东区域指挥部主办逾期!$O$3:$O$31*华东区域指挥部主办逾期!$Q$3:$Q$31*华东区域指挥部主办逾期!$U$3:$U$31)+SUMPRODUCT((华东区域指挥部主办逾期!$O$3:$O$31>0)*(华东区域指挥部主办逾期!$W$3:$W$31=D15)*华东区域指挥部主办逾期!$O$3:$O$31*华东区域指挥部主办逾期!$Q$3:$Q$31*华东区域指挥部主办逾期!$X$3:$X$31)+SUMPRODUCT((华东区域指挥协办逾期!$O$3:$O$10>0)*(华东区域指挥协办逾期!$T$3:$T$10=D15)*华东区域指挥协办逾期!$O$3:$O$10*华东区域指挥协办逾期!$Q$3:$Q$10*华东区域指挥协办逾期!$U$3:$U$10)+SUMPRODUCT((华东区域指挥协办逾期!$O$3:$O$10>0)*(华东区域指挥协办逾期!$W$3:$W$10=D15)*华东区域指挥协办逾期!$O$3:$O$10*华东区域指挥协办逾期!$Q$3:$Q$10*华东区域指挥协办逾期!$X$3:$X$10))/10000} -> 89.73698 | J15: {=(SUMPRODUCT((华东区域指挥部主办逾期!$P$3:$P$31>0)*(华东区域指挥部主办逾期!$T$3:$T$31=D15)*华东区域指挥部主办逾期!$P$3:$P$31*华东区域指挥部主办逾期!$Q$3:$Q$31*华东区域指挥部主办逾期!$U$3:$U$31)+SUMPRODUCT((华东区域指挥部主办逾期!$P$3:$P$31>0)*(华东区域指挥部主办逾期!$W$3:$W$31=D15)*华东区域指挥部主办逾期!$P$3:$P$31*华东区域指挥部主办逾期!$Q$3:$Q$31*华东区域指挥部主办逾期!$X$3:$X$31)+SUMPRODUCT((华东区域指挥协办逾期!$P$3:$P$10>0)*(华东区域指挥协办逾期!$T$3:$T$10=D15)*华东区域指挥协办逾期!$P$3:$P$10*华东区域指挥协办逾期!$Q$3:$Q$10*华东区域指挥协办逾期!$U$3:$U$10)+SUMPRODUCT((华东区域指挥协办逾期!$P$3:$P$10>0)*(华东区域指挥协办逾期!$W$3:$W$10=D15)*华东区域指挥协办逾期!$P$3:$P$10*华东区域指挥协办逾期!$Q$3:$Q$10*华东区域指挥协办逾期!$X$3:$X$10))/10000} -> 0 | K15: =SUM(F15:J15) -> 807.39749 | L15: =E15-K15 -> 295.94518 | M15: =L15/E15 -> 0.26822599
A16: 11 | C16: 上海小计 | E16: 1289.5234 | F16: =SUM(F14:F15) -> 0 | G16: =SUM(G14:G15) -> 551.33795 | H16: =SUM(H14:H15) -> 231.40317 | I16: =SUM(I14:I15) -> 168.4566 | J16: =SUM(J14:J15) -> 0 | K16: =SUM(K14:K15) -> 951.19772 | L16: =SUM(L14:L15) -> 338.32563 | M16: =L16/E16 -> 0.26236487
A17: 12 | B17: 闽赣经营部 | C17: 铁道经营小组 | D17: 陈浩 | E17: 721.57749 | F17: {=(SUMPRODUCT((华东区域指挥部主办逾期!$L$3:$L$31>0)*(华东区域指挥部主办逾期!$T$3:$T$31=D17)*华东区域指挥部主办逾期!$L$3:$L$31*华东区域指挥部主办逾期!$Q$3:$Q$31*华东区域指挥部主办逾期!$U$3:$U$31)+SUMPRODUCT((华东区域指挥部主办逾期!$L$3:$L$31>0)*(华东区域指挥部主办逾期!$W$3:$W$31=D17)*华东区域指挥部主办逾期!$L$3:$L$31*华东区域指挥部主办逾期!$Q$3:$Q$31*华东区域指挥部主办逾期!$X$3:$X$31)+SUMPRODUCT((华东区域指挥协办逾期!$L$3:$L$10>0)*(华东区域指挥协办逾期!$T$3:$T$10=D17)*华东区域指挥协办逾期!$L$3:$L$10*华东区域指挥协办逾期!$Q$3:$Q$10*华东区域指挥协办逾期!$U$3:$U$10)+SUMPRODUCT((华东区域指挥协办逾期!$L$3:$L$10>0)*(华东区域指挥协办逾期!$W$3:$W$10=D17)*华东区域指挥协办逾期!$L$3:$L$10*华东区域指挥协办逾期!$Q$3:$Q$10*华东区域指挥协办逾期!$X$3:$X$10))/10000} -> 0 | G17: {=(SUMPRODUCT((华东区域指挥部主办逾期!$M$3:$M$31>0)*(华东区域指挥部主办逾期!$T$3:$T$31=D17)*华东区域指挥部主办逾期!$M$3:$M$31*华东区域指挥部主办逾期!$Q$3:$Q$31*华东区域指挥部主办逾期!$U$3:$U$31)+SUMPRODUCT((华东区域指挥部主办逾期!$M$3:$M$31>0)*(华东区域指挥部主办逾期!$W$3:$W$31=D17)*华东区域指挥部主办逾期!$M$3:$M$31*华东区域指挥部主办逾期!$Q$3:$Q$31*华东区域指挥部主办逾期!$X$3:$X$31)+SUMPRODUCT((华东区域指挥协办逾期!$M$3:$M$10>0)*(华东区域指挥协办逾期!$T$3:$T$10=D17)*华东区域指挥协办逾期!$M$3:$M$10*华东区域指挥协办逾期!$Q$3:$Q$10*华东区域指挥协办逾期!$U$3:$U$10)+SUMPRODUCT((华东区域指挥协办逾期!$M$3:$M$10>0)*(华东区域指挥协办逾期!$W$3:$W$10=D17)*华东区域指挥协办逾期!$M$3:$M$10*华东区域指挥协办逾期!$Q$3:$Q$10*华东区域指挥协办逾期!$X$3:$X$10))/10000} -> 0 | H17: {=(SUMPRODUCT((华东区域指挥部主办逾期!$N$3:$N$31>0)*(华东区域指挥部主办逾期!$T$3:$T$31=D17)*华东区域指挥部主办逾期!$N$3:$N$31*华东区域指挥部主办逾期!$Q$3:$Q$31*华东区域指挥部主办逾期!$U$3:$U$31)+SUMPRODUCT((华东区域指挥部主办逾期!$N$3:$N$31>0)*(华东区域指挥部主办逾期!$W$3:$W$31=D17)*华东区域指挥部主办逾期!$N$3:$N$31*华东区域指挥部主办逾期!$Q$3:$Q$31*华东区域指挥部主办逾期!$X$3:$X$31)+SUMPRODUCT((华东区域指挥协办逾期!$N$3:$N$10>0)*(华东区域指挥协办逾期!$T$3:$T$10=D17)*华东区域指挥协办逾期!$N$3:$N$10*华东区域指挥协办逾期!$Q$3:$Q$10*华东区域指挥协办逾期!$U$3:$U$10)+SUMPRODUCT((华东区域指挥协办逾期!$N$3:$N$10>0)*(华东区域指挥协办逾期!$W$3:$W$10=D17)*华东区域指挥协办逾期!$N$3:$N$10*华东区域指挥协办逾期!$Q$3:$Q$10*华东区域指挥协办逾期!$X$3:$X$10))/10000} -> 721.57749 | I17: {=(SUMPRODUCT((华东区域指挥部主办逾期!$O$3:$O$31>0)*(华东区域指挥部主办逾期!$T$3:$T$31=D17)*华东区域指挥部主办逾期!$O$3:$O$31*华东区域指挥部主办逾期!$Q$3:$Q$31*华东区域指挥部主办逾期!$U$3:$U$31)+SUMPRODUCT((华东区域指挥部主办逾期!$O$3:$O$31>0)*(华东区域指挥部主办逾期!$W$3:$W$31=D17)*华东区域指挥部主办逾期!$O$3:$O$31*华东区域指挥部主办逾期!$Q$3:$Q$31*华东区域指挥部主办逾期!$X$3:$X$31)+SUMPRODUCT((华东区域指挥协办逾期!$O$3:$O$10>0)*(华东区域指挥协办逾期!$T$3:$T$10=D17)*华东区域指挥协办逾期!$O$3:$O$10*华东区域指挥协办逾期!$Q$3:$Q$10*华东区域指挥协办逾期!$U$3:$U$10)+SUMPRODUCT((华东区域指挥协办逾期!$O$3:$O$10>0)*(华东区域指挥协办逾期!$W$3:$W$10=D17)*华东区域指挥协办逾期!$O$3:$O$10*华东区域指挥协办逾期!$Q$3:$Q$10*华东区域指挥协办逾期!$X$3:$X$10))/10000} -> 0 | J17: {=(SUMPRODUCT((华东区域指挥部主办逾期!$P$3:$P$31>0)*(华东区域指挥部主办逾期!$T$3:$T$31=D17)*华东区域指挥部主办逾期!$P$3:$P$31*华东区域指挥部主办逾期!$Q$3:$Q$31*华东区域指挥部主办逾期!$U$3:$U$31)+SUMPRODUCT((华东区域指挥部主办逾期!$P$3:$P$31>0)*(华东区域指挥部主办逾期!$W$3:$W$31=D17)*华东区域指挥部主办逾期!$P$3:$P$31*华东区域指挥部主办逾期!$Q$3:$Q$31*华东区域指挥部主办逾期!$X$3:$X$31)+SUMPRODUCT((华东区域指挥协办逾期!$P$3:$P$10>0)*(华东区域指挥协办逾期!$T$3:$T$10=D17)*华东区域指挥协办逾期!$P$3:$P$10*华东区域指挥协办逾期!$Q$3:$Q$10*华东区域指挥协办逾期!$U$3:$U$10)+SUMPRODUCT((华东区域指挥协办逾期!$P$3:$P$10>0)*(华东区域指挥协办逾期!$W$3:$W$10=D17)*华东区域指挥协办逾期!$P$3:$P$10*华东区域指挥协办逾期!$Q$3:$Q$10*华东区域指挥协办逾期!$X$3:$X$10))/10000} -> 0 | K17: =SUM(F17:J17) -> 721.57749 | L17: =E17-K17 -> 0 | M17: =L17/E17 -> 0
A18: 13 | D18: 周斌 | E18: 1650.0742 | F18: {=(SUMPRODUCT((华东区域指挥部主办逾期!$L$3:$L$31>0)*(华东区域指挥部主办逾期!$T$3:$T$31=D18)*华东区域指挥部主办逾期!$L$3:$L$31*华东区域指挥部主办逾期!$Q$3:$Q$31*华东区域指挥部主办逾期!$U$3:$U$31)+SUMPRODUCT((华东区域指挥部主办逾期!$L$3:$L$31>0)*(华东区域指挥部主办逾期!$W$3:$W$31=D18)*华东区域指挥部主办逾期!$L$3:$L$31*华东区域指挥部主办逾期!$Q$3:$Q$31*华东区域指挥部主办逾期!$X$3:$X$31)+SUMPRODUCT((华东区域指挥协办逾期!$L$3:$L$10>0)*(华东区域指挥协办逾期!$T$3:$T$10=D18)*华东区域指挥协办逾期!$L$3:$L$10*华东区域指挥协办逾期!$Q$3:$Q$10*华东区域指挥协办逾期!$U$3:$U$10)+SUMPRODUCT((华东区域指挥协办逾期!$L$3:$L$10>0)*(华东区域指挥协办逾期!$W$3:$W$10=D18)*华东区域指挥协办逾期!$L$3:$L$10*华东区域指挥协办逾期!$Q$3:$Q$10*华东区域指挥协办逾期!$X$3:$X$10))/10000} -> 0 | G18: {=(SUMPRODUCT((华东区域指挥部主办逾期!$M$3:$M$31>0)*(华东区域指挥部主办逾期!$T$3:$T$31=D18)*华东区域指挥部主办逾期!$M$3:$M$31*华东区域指挥部主办逾期!$Q$3:$Q$31*华东区域指挥部主办逾期!$U$3:$U$31)+SUMPRODUCT((华东区域指挥部主办逾期!$M$3:$M$31>0)*(华东区域指挥部主办逾期!$W$3:$W$31=D18)*华东区域指挥部主办逾期!$M$3:$M$31*华东区域指挥部主办逾期!$Q$3:$Q$31*华东区域指挥部主办逾期!$X$3:$X$31)+SUMPRODUCT((华东区域指挥协办逾期!$M$3:$M$10>0)*(华东区域指挥协办逾期!$T$3:$T$10=D18)*华东区域指挥协办逾期!$M$3:$M$10*华东区域指挥协办逾期!$Q$3:$Q$10*华东区域指挥协办逾期!$U$3:$U$10)+SUMPRODUCT((华东区域指挥协办逾期!$M$3:$M$10>0)*(华东区域指挥协办逾期!$W$3:$W$10=D18)*华东区域指挥协办逾期!$M$3:$M$10*华东区域指挥协办逾期!$Q$3:$Q$10*华东区域指挥协办逾期!$X$3:$X$10))/10000} -> 1146.0751 | H18: {=(SUMPRODUCT((华东区域指挥部主办逾期!$N$3:$N$31>0)*(华东区域指挥部主办逾期!$T$3:$T$31=D18)*华东区域指挥部主办逾期!$N$3:$N$31*华东区域指挥部主办逾期!$Q$3:$Q$31*华东区域指挥部主办逾期!$U$3:$U$31)+SUMPRODUCT((华东区域指挥部主办逾期!$N$3:$N$31>0)*(华东区域指挥部主办逾期!$W$3:$W$31=D18)*华东区域指挥部主办逾期!$N$3:$N$31*华东区域指挥部主办逾期!$Q$3:$Q$31*华东区域指挥部主办逾期!$X$3:$X$31)+SUMPRODUCT((华东区域指挥协办逾期!$N$3:$N$10>0)*(华东区域指挥协办逾期!$T$3:$T$10=D18)*华东区域指挥协办逾期!$N$3:$N$10*华东区域指挥协办逾期!$Q$3:$Q$10*华东区域指挥协办逾期!$U$3:$U$10)+SUMPRODUCT((华东区域指挥协办逾期!$N$3:$N$10>0)*(华东区域指挥协办逾期!$W$3:$W$10=D18)*华东区域指挥协办逾期!$N$3:$N$10*华东区域指挥协办逾期!$Q$3:$Q$10*华东区域指挥协办逾期!$X$3:$X$10))/10000} -> 132.43916 | I18: {=(SUMPRODUCT((华东区域指挥部主办逾期!$O$3:$O$31>0)*(华东区域指挥部主办逾期!$T$3:$T$31=D18)*华东区域指挥部主办逾期!$O$3:$O$31*华东区域指挥部主办逾期!$Q$3:$Q$31*华东区域指挥部主办逾期!$U$3:$U$31)+SUMPRODUCT((华东区域指挥部主办逾期!$O$3:$O$31>0)*(华东区域指挥部主办逾期!$W$3:$W$31=D18)*华东区域指挥部主办逾期!$O$3:$O$31*华东区域指挥部主办逾期!$Q$3:$Q$31*华东区域指挥部主办逾期!$X$3:$X$31)+SUMPRODUCT((华东区域指挥协办逾期!$O$3:$O$10>0)*(华东区域指挥协办逾期!$T$3:$T$10=D18)*华东区域指挥协办逾期!$O$3:$O$10*华东区域指挥协办逾期!$Q$3:$Q$10*华东区域指挥协办逾期!$U$3:$U$10)+SUMPRODUCT((华东区域指挥协办逾期!$O$3:$O$10>0)*(华东区域指挥协办逾期!$W$3:$W$10=D18)*华东区域指挥协办逾期!$O$3:$O$10*华东区域指挥协办逾期!$Q$3:$Q$10*华东区域指挥协办逾期!$X$3:$X$10))/10000} -> 6.12408 | J18: {=(SUMPRODUCT((华东区域指挥部主办逾期!$P$3:$P$31>0)*(华东区域指挥部主办逾期!$T$3:$T$31=D18)*华东区域指挥部主办逾期!$P$3:$P$31*华东区域指挥部主办逾期!$Q$3:$Q$31*华东区域指挥部主办逾期!$U$3:$U$31)+SUMPRODUCT((华东区域指挥部主办逾期!$P$3:$P$31>0)*(华东区域指挥部主办逾期!$W$3:$W$31=D18)*华东区域指挥部主办逾期!$P$3:$P$31*华东区域指挥部主办逾期!$Q$3:$Q$31*华东区域指挥部主办逾期!$X$3:$X$31)+SUMPRODUCT((华东区域指挥协办逾期!$P$3:$P$10>0)*(华东区域指挥协办逾期!$T$3:$T$10=D18)*华东区域指挥协办逾期!$P$3:$P$10*华东区域指挥协办逾期!$Q$3:$Q$10*华东区域指挥协办逾期!$U$3:$U$10)+SUMPRODUCT((华东区域指挥协办逾期!$P$3:$P$10>0)*(华东区域指挥协办逾期!$W$3:$W$10=D18)*华东区域指挥协办逾期!$P$3:$P$10*华东区域指挥协办逾期!$Q$3:$Q$10*华东区域指挥协办逾期!$X$3:$X$10))/10000} -> 275.19589 | K18: =SUM(F18:J18) -> 1559.8342 | L18: =E18-K18 -> 90.24 | M18: =L18/E18 -> 0.054688449
A19: 14 | D19: 小计 | E19: 2371.6517 | F19: =SUM(F17:F18) -> 0 | G19: =SUM(G17:G18) -> 1146.0751 | H19: =SUM(H17:H18) -> 854.01665 | I19: =SUM(I17:I18) -> 6.12408 | J19: =SUM(J17:J18) -> 275.19589 | K19: =SUM(K17:K18) -> 2281.4117 | L19: =SUM(L17:L18) -> 90.24 | M19: =L19/E19 -> 0.038049432
A20: 15 | C20: 建筑经营小组 | D20: 杨志胜 | E20: 2328.15 | F20: {=(SUMPRODUCT((华东区域指挥部主办逾期!$L$3:$L$31>0)*(华东区域指挥部主办逾期!$T$3:$T$31=D20)*华东区域指挥部主办逾期!$L$3:$L$31*华东区域指挥部主办逾期!$Q$3:$Q$31*华东区域指挥部主办逾期!$U$3:$U$31)+SUMPRODUCT((华东区域指挥部主办逾期!$L$3:$L$31>0)*(华东区域指挥部主办逾期!$W$3:$W$31=D20)*华东区域指挥部主办逾期!$L$3:$L$31*华东区域指挥部主办逾期!$Q$3:$Q$31*华东区域指挥部主办逾期!$X$3:$X$31)+SUMPRODUCT((华东区域指挥协办逾期!$L$3:$L$10>0)*(华东区域指挥协办逾期!$T$3:$T$10=D20)*华东区域指挥协办逾期!$L$3:$L$10*华东区域指挥协办逾期!$Q$3:$Q$10*华东区域指挥协办逾期!$U$3:$U$10)+SUMPRODUCT((华东区域指挥协办逾期!$L$3:$L$10>0)*(华东区域指挥协办逾期!$W$3:$W$10=D20)*华东区域指挥协办逾期!$L$3:$L$10*华东区域指挥协办逾期!$Q$3:$Q$10*华东区域指挥协办逾期!$X$3:$X$10))/10000} -> 0 | G20: {=(SUMPRODUCT((华东区域指挥部主办逾期!$M$3:$M$31>0)*(华东区域指挥部主办逾期!$T$3:$T$31=D20)*华东区域指挥部主办逾期!$M$3:$M$31*华东区域指挥部主办逾期!$Q$3:$Q$31*华东区域指挥部主办逾期!$U$3:$U$31)+SUMPRODUCT((华东区域指挥部主办逾期!$M$3:$M$31>0)*(华东区域指挥部主办逾期!$W$3:$W$31=D20)*华东区域指挥部主办逾期!$M$3:$M$31*华东区域指挥部主办逾期!$Q$3:$Q$31*华东区域指挥部主办逾期!$X$3:$X$31)+SUMPRODUCT((华东区域指挥协办逾期!$M$3:$M$10>0)*(华东区域指挥协办逾期!$T$3:$T$10=D20)*华东区域指挥协办逾期!$M$3:$M$10*华东区域指挥协办逾期!$Q$3:$Q$10*华东区域指挥协办逾期!$U$3:$U$10)+SUMPRODUCT((华东区域指挥协办逾期!$M$3:$M$10>0)*(华东区域指挥协办逾期!$W$3:$W$10=D20)*华东区域指挥协办逾期!$M$3:$M$10*华东区域指挥协办逾期!$Q$3:$Q$10*华东区域指挥协办逾期!$X$3:$X$10))/10000} -> 2064.65 | H20: {=(SUMPRODUCT((华东区域指挥部主办逾期!$N$3:$N$31>0)*(华东区域指挥部主办逾期!$T$3:$T$31=D20)*华东区域指挥部主办逾期!$N$3:$N$31*华东区域指挥部主办逾期!$Q$3:$Q$31*华东区域指挥部主办逾期!$U$3:$U$31)+SUMPRODUCT((华东区域指挥部主办逾期!$N$3:$N$31>0)*(华东区域指挥部主办逾期!$W$3:$W$31=D20)*华东区域指挥部主办逾期!$N$3:$N$31*华东区域指挥部主办逾期!$Q$3:$Q$31*华东区域指挥部主办逾期!$X$3:$X$31)+SUMPRODUCT((华东区域指挥协办逾期!$N$3:$N$10>0)*(华东区域指挥协办逾期!$T$3:$T$10=D20)*华东区域指挥协办逾期!$N$3:$N$10*华东区域指挥协办逾期!$Q$3:$Q$10*华东区域指挥协办逾期!$U$3:$U$10)+SUMPRODUCT((华东区域指挥协办逾期!$N$3:$N$10>0)*(华东区域指挥协办逾期!$W$3:$W$10=D20)*华东区域指挥协办逾期!$N$3:$N$10*华东区域指挥协办逾期!$Q$3:$Q$10*华东区域指挥协办逾期!$X$3:$X$10))/10000} -> 9 | I20: {=(SUMPRODUCT((华东区域指挥部主办逾期!$O$3:$O$31>0)*(华东区域指挥部主办逾期!$T$3:$T$31=D20)*华东区域指挥部主办逾期!$O$3:$O$31*华东区域指挥部主办逾期!$Q$3:$Q$31*华东区域指挥部主办逾期!$U$3:$U$31)+SUMPRODUCT((华东区域指挥部主办逾期!$O$3:$O$31>0)*(华东区域指挥部主办逾期!$W$3:$W$31=D20)*华东区域指挥部主办逾期!$O$3:$O$31*华东区域指挥部主办逾期!$Q$3:$Q$31*华东区域指挥部主办逾期!$X$3:$X$31)+SUMPRODUCT((华东区域指挥协办逾期!$O$3:$O$10>0)*(华东区域指挥协办逾期!$T$3:$T$10=D20)*华东区域指挥协办逾期!$O$3:$O$10*华东区域指挥协办逾期!$Q$3:$Q$10*华东区域指挥协办逾期!$U$3:$U$10)+SUMPRODUCT((华东区域指挥协办逾期!$O$3:$O$10>0)*(华东区域指挥协办逾期!$W$3:$W$10=D20)*华东区域指挥协办逾期!$O$3:$O$10*华东区域指挥协办逾期!$Q$3:$Q$10*华东区域指挥协办逾期!$X$3:$X$10))/10000} -> 0 | J20: {=(SUMPRODUCT((华东区域指挥部主办逾期!$P$3:$P$31>0)*(华东区域指挥部主办逾期!$T$3:$T$31=D20)*华东区域指挥部主办逾期!$P$3:$P$31*华东区域指挥部主办逾期!$Q$3:$Q$31*华东区域指挥部主办逾期!$U$3:$U$31)+SUMPRODUCT((华东区域指挥部主办逾期!$P$3:$P$31>0)*(华东区域指挥部主办逾期!$W$3:$W$31=D20)*华东区域指挥部主办逾期!$P$3:$P$31*华东区域指挥部主办逾期!$Q$3:$Q$31*华东区域指挥部主办逾期!$X$3:$X$31)+SUMPRODUCT((华东区域指挥协办逾期!$P$3:$P$10>0)*(华东区域指挥协办逾期!$T$3:$T$10=D20)*华东区域指挥协办逾期!$P$3:$P$10*华东区域指挥协办逾期!$Q$3:$Q$10*华东区域指挥协办逾期!$U$3:$U$10)+SUMPRODUCT((华东区域指挥协办逾期!$P$3:$P$10>0)*(华东区域指挥协办逾期!$W$3:$W$10=D20)*华东区域指挥协办逾期!$P$3:$P$10*华东区域指挥协办逾期!$Q$3:$Q$10*华东区域指挥协办逾期!$X$3:$X$10))/10000} -> 4.5 | K20: =SUM(F20:J20) -> 2078.15 | L20: =E20-K20 -> 250 | M20: =L20/E20 -> 0.1073814
A21: 16 | C21: 闽赣小计 | E21: 4699.8017 | F21: =SUM(F19,F20) -> 0 | G21: =SUM(G19,G20) -> 3210.7251 | H21: =SUM(H19,H20) -> 863.01665 | I21: =SUM(I19,I20) -> 6.12408 | J21: =SUM(J19,J20) -> 279.69589 | K21: =SUM(K19,K20) -> 4359.5617 | L21: =SUM(L19,L20) -> 340.24 | M21: =L21/E21 -> 0.072394544
A22: 17 | B22: 华东区域指挥部合计 | E22: 8135.52 | F22: =SUM(F13,F16,F21) -> 0 | G22: =SUM(G13,G16,G21) -> 4340.2161 | H22: =SUM(H13,H16,H21) -> 1396.2698 | I22: =SUM(I13,I16,I21) -> 248.88068 | J22: =SUM(J13,J16,J21) -> 561.06778 | K22: =SUM(K13,K16,K21) -> 6546.4343 | L22: =SUM(L13,L16,L21) -> 1589.0857 | M22: =L22/E22 -> 0.19532687
K23: 17210.434
K25: =K22+K23 -> 23756.869
K26: =E22-K25 -> -15621.349
K27: =K26/E22 -> -1.9201414

Sheet 华东区域指挥部主办逾期
A1: 序号 | B1: 系统内/外 | C1: 客户名称 | D1: 项目名称 | E1: 合同编号 | F1: 设备工号 | G1: 期初逾期 | H1: 3月回款 | I1: 累计回款 | J1: 剩余逾期 | K1: 考核备注 | L1: 逾期账龄 | Q1: 拆分比例 | S1: 责任领导 | T1: 责任人1 | W1: 责任人2 | Z1: 责任人3 | AC1: 责任人4
L2: 3个月以内 | M2: 3-6个月 | N2: 6-12个月 | O2: 1-3年 | P2: 3年以上 | Q2: 主办比例 | R2: 归属华东金额 | S2: 姓名 | T2: 姓名 | U2: 比例 | V2: 金额 | W2: 姓名 | X2: 比例 | Y2: 金额 | Z2: 姓名 | AA2: 比例 | AB2: 金额 | AC2: 姓名 | AD2: 比例 | AE2: 金额
A3: 1 | B3: 系统外 | C3: 福州地铁实业有限公司 | D3: 福州市轨道交通2号线项目 | E3: SY-ZY-2022-097 | G3: 10376551 | I3: 0 | J3: =G3-I3 -> 10376551 | K3: =J3-SUM(L3:P3) -> 0 | M3: 10376551 | Q3: 1 | R3: =J3*Q3 -> 10376551 | S3: 张仕民 | T3: 周斌 | U3: 1 | V3: =R3*U3 -> 10376551
A4: 2 | B4: 系统外 | C4: 中国葛洲坝集团第二工程有限公司 | D4: 江西奉新抽水蓄能电站 | E4: CGGC2GS-SB-TBMYYZX-2024-001 | G4: 1402143 | I4: 0 | J4: =G4-I4 -> 1402143 | K4: =J4-SUM(L4:P4) -> 0 | M4: 0 | N4: 1402143 | O4: 0 | Q4: 0.7 | R4: =J4*Q4 -> 981500.1 | S4: 张仕民 | T4: 陈浩 | U4: 1 | V4: =R4*U4 -> 981500.1
A5: 3 | B5: 系统外 | C5: 中建海峡建设发展有限公司 | D5: 福州地铁 | E5: 107003021【2017】55SZ83-07 | G5: 5070000 | I5: 490000 | J5: =3241958.85200001-I5 -> 2751958.9 | K5: =J5-SUM(L5:P5) -> 0 | O5: 0 | P5: 2751958.9 | Q5: 1 | R5: =J5*Q5 -> 2751958.9 | S5: 张仕民 | T5: 周斌 | U5: 1 | V5: =R5*U5 -> 2751958.9
A6: 4 | B6: 系统外 | C6: 上海地铁盾构设备工程有限公司 | D6: 上海地铁 | E6: CRCHI-XS-2021-028 | G6: 280000 | I6: 71196 | J6: =G6-I6 -> 208804 | K6: =J6-SUM(L6:P6) -> 0 | O6: 208804 | Q6: 1 | R6: =J6*Q6 -> 208804 | S6: 穆华清 | T6: 穆华清 | U6: 0.7 | V6: =R6*U6 -> 146162.8 | W6: 赵宇瑄 | X6: 0.3 | Y6: =R6*X6 -> 62641.2
A7: 5 | B7: 系统内 | C7: 中铁十六局轨道公司 | D7: 嘉闵线 | E7: CRCC-16J-JMWZ-2024-008 | F7: DL1558 | G7: 2486114 | I7: 2486114 | J7: =G7-I7 -> 0 | K7: =J7-SUM(L7:P7) -> 0 | L7: 0 | Q7: 0.7 | R7: =J7*Q7 -> 0 | S7: 穆华清 | T7: 赵宇瑄 | U7: 1 | V7: =R7*U7 -> 0
A8: 6 | B8: 系统内 | C8: 中铁十六局轨道公司 | D8: 嘉闵线 | E8: CRCC-16J-JMWZ-2024-008 | F8: DL1559 | G8: 1936062 | I8: 1043886 | J8: =G8-I8 -> 892176 | K8: =J8-SUM(L8:P8) -> 0 | L8: 0 | M8: 892176 | Q8: 0.7 | R8: =J8*Q8 -> 624523.2 | S8: 穆华清 | T8: 赵宇瑄 | U8: 1 | V8: =R8*U8 -> 624523.2
A9: 7 | B9: 系统内 | C9: 中铁十八局四公司 | D9: 嘉善铁路 | E9: 0-SHB-2025-嘉善至西塘市域铁路-0-001 | G9: 1242000 | I9: 0 | J9: =G9-I9 -> 1242000 | K9: =J9-SUM(L9:P9) -> 0 | M9: 828000 | N9: 414000 | Q9: 0.7 | R9: =J9*Q9 -> 869400 | S9: 丁艳林 | T9: 唐作栋 | U9: 1 | V9: =R9*U9 -> 869400
A10: 8 | B10: 系统内 | C10: 中铁十一局集团第四工程有限公司 | D10: 甬舟铁路凿岩台车、多功能钻机 | E10: C2000010001100004011002025006 | G10: 5854000 | I10: 2000000 | J10: =G10-I10 -> 3854000 | K10: =J10-SUM(L10:P10) -> 0 | N10: 3854000 | Q10: 0.7 | R10: =J10*Q10 -> 2697800 | S10: 丁艳林 | T10: 万赛 | U10: 1 | V10: =R10*U10 -> 2697800
A11: 9 | B11: 系统内 | C11: 中国铁建港航局集团有限公司第二工程分公司 | D11: 320国道项目 | E11: GH-02-SBHT-202501-03 | G11: 1020000 | H11: 492100 | I11: 492100 | J11: =G11-I11 -> 527900 | K11: =J11-SUM(L11:P11) -> 0 | M11: 527900 | Q11: 1 | R11: =J11*Q11 -> 527900 | S11: 丁艳林 | T11: 唐作栋 | U11: 1 | V11: =R11*U11 -> 527900
A12: 10 | B12: 系统外 | C12: 上海地铁盾构设备工程有限公司 | D12: 4台管片外径Φ9000mm盾构机嘉闵线适应性改造项目合同 | E12: D23-137F-S00-087 | G12: 2379724 | I12: 0 | J12: 1845485 | K12: =J12-SUM(L12:P12) -> 0 | M12: 929723 | N12: 0 | O12: 915762 | Q12: 1 | R12: =J12*Q12 -> 1845485 | S12: 穆华清 | T12: 穆华清 | U12: 0.7 | V12: =R12*U12 -> 1291839.5 | W12: 赵宇瑄 | X12: 0.3 | Y12: =R12*X12 -> 553645.5
A13: 11 | B13: 系统内 | C13: 北京中铁天瑞机械设备有限公司 | D13: 杭州18号线盾构设备租赁合同 | E13: CR22TR-SBZLCG-HW-2025-001 | G13: 2000000 | I13: 2000000 | J13: =G13-I13 -> 0 | K13: =J13-SUM(L13:P13) -> 0 | M13: 0 | Q13: 0.7 | R13: =J13*Q13 -> 0 | S13: 丁艳林 | T13: 刘新峥 | U13: 1 | V13: =R13*U13 -> 0
A14: 12 | B14: 系统内 | C14: 中国铁建港航局集团有限公司第二工程分公司 | D14: 320国道杭州博陆至仁和段工程（余杭段）第TJ02标段 | E14: GH-02-SBHT-202505-008 | G14: 30900 | I14: 0 | J14: =G14-I14 -> 30900 | K14: =J14-SUM(L14:P14) -> 0 | N14: 30900 | Q14: 1 | R14: =J14*Q14 -> 30900 | S14: 丁艳林 | T14: 唐作栋 | U14: 1 | V14: =R14*U14 -> 30900
A15: 13 | B15: 系统内 | C15: 中铁十二局集团第二工程有限公司 | D15: 漳汕铁路漳汕铁路项目1台MT141-FLB3采购 | E15: CR122-SBB-2025-006-MM006 | G15: 930000 | I15: 0 | J15: =G15-I15 -> 930000 | K15: =J15-SUM(L15:P15) -> 0 | M15: 930000 | Q15: 0.6 | R15: =J15*Q15 -> 558000 | S15: 张仕民 | T15: 杨志胜 | U15: 1 | V15: =R15*U15 -> 558000
A16: 14 | B16: 系统内 | C16: 中铁十五局集团第二工程有限公司 | D16: 西渝高铁 | E16: CR15G2C-SBCG-2024-11 | G16: 800000 | I16: 0 | J16: =G16-I16 -> 800000 | K16: =J16-SUM(L16:P16) -> 0 | O16: 800000 | Q16: 0.7 | R16: =J16*Q16 -> 560000 | S16: 穆华清 | T16: 赵宇瑄 | U16: 1 | V16: =R16*U16 -> 560000
A17: 15 | B17: 系统内 | C17: 中铁二十局集团第三工程有限公司 | D17: 长赣铁路 | E17: ZT2003CGWS20250004 | G17: 588000 | I17: 0 | J17: =G17-I17 -> 588000 | K17: =J17-SUM(L17:P17) -> 0 | N17: 588000 | Q17: 0.6 | R17: =J17*Q17 -> 352800 | S17: 张仕民 | T17: 陈浩 | U17: 1 | V17: =R17*U17 -> 352800
A18: 16 | B18: 系统外 | C18: 浙江物产工程技术服务有限公司 | D18: 浙江物产工服4台ZTE6410盾构机维修改造项目 | E18: WCGF-DZ620-04-WXLT | G18: 199800 | I18: 199800 | J18: =G18-I18 -> 0 | K18: =J18-SUM(L18:P18) -> 0 | L18: 0 | Q18: 0.7 | R18: =J18*Q18 -> 0 | S18: 丁艳林 | T18: 唐作栋 | U18: 0.6 | V18: =R18*U18 -> 0 | W18: 刘新峥 | X18: 0.4 | Y18: =R18*X18 -> 0
A19: 17 | B19: 系统内 | C19: 中铁十二局集团第四工程有限公司 | D19: 杭州地铁12号线DZ038、DZ039盾构机维修 | E19: ZT12-4HZDT12-01 | G19: 8160000 | I19: 3000000 | J19: =G19-I19 -> 5160000 | K19: =J19-SUM(L19:P19) -> 0 | M19: 5160000 | Q19: 0.7 | R19: =J19*Q19 -> 3612000 | S19: 丁艳林 | T19: 唐作栋 | U19: 0.6 | V19: =R19*U19 -> 2167200 | W19: 刘新峥 | X19: 0.4 | Y19: =R19*X19 -> 1444800
A20: 18 | B20: 系统内 | C20: 中铁十八局集团市政工程有限公司 | D20: 杭州地铁10号线盾构设备租赁 | E20: 12-SHBZ-2024-杭州地铁1032-12-002 | G20: 4715760.6 | I20: 4715760.6 | J20: =G20-I20 -> 0 | K20: =J20-SUM(L20:P20) -> 0 | L20: 0 | Q20: 0.7 | R20: =J20*Q20 -> 0 | S20: 丁艳林 | T20: 唐作栋 | U20: 0.6 | V20: =R20*U20 -> 0 | W20: 刘新峥 | X20: 0.4 | Y20: =R20*X20 -> 0
A21: 19 | B21: 系统内 | C21: 中铁十五局集团第三工程有限公司 | D21: 瑞梅铁路 | E21: 局合专6（2024）-052号 | G21: 90000 | I21: 0 | J21: =G21-I21 -> 90000 | K21: =J21-SUM(L21:P21) -> 0 | N21: 90000 | Q21: 1 | R21: =J21*Q21 -> 90000 | S21: 张仕民 | T21: 杨志胜 | U21: 1 | V21: =R21*U21 -> 90000
A22: 20 | B22: 系统外 | C22: 中交第三公路工程局有限公司 | D22: 滨海快线（福州至长乐机场城际铁路工程）第3标段54工区项目 | E22: ZCB-BHKX3-04-JX-03-2021 | G22: 8028 | I22: 0 | J22: =G22-I22 -> 8028 | K22: =J22-SUM(L22:P22) -> 0 | O22: 8028 | Q22: 0.8 | R22: =J22*Q22 -> 6422.4 | S22: 张仕民 | T22: 周斌 | U22: 1 | V22: =R22*U22 -> 6422.4
A23: 21 | B23: 系统外 | C23: 中交第三公路工程局有限公司 | D23: 滨海快线（福州至长乐机场城际铁路工程）第3标段54工区项目 | E23: ZCB-BHKX3-04-JX-03-2021 | G23: 318523 | H23: 200000 | I23: 250000 | J23: =G23-I23 -> 68523 | K23: =J23-SUM(L23:P23) -> 0 | O23: 68523 | Q23: 0.8 | R23: =J23*Q23 -> 54818.4 | S23: 张仕民 | T23: 周斌 | U23: 1 | V23: =R23*U23 -> 54818.4
A24: 22 | B24: 系统内 | C24: 中铁十五局集团城市轨道交通工程有限公司 | D24: 杭州机场高铁搅拌站采购 | E24: CR15-HZJCGT4-JD-202301-(1F) | G24: 453680 | I24: 453680 | J24: =G24-I24 -> 0 | K24: =J24-SUM(L24:P24) -> 0 | N24: 0 | Q24: 0.6 | R24: =J24*Q24 -> 0 | S24: 丁艳林 | T24: 唐作栋 | U24: 1 | V24: =R24*U24 -> 0
A25: 23 | B25: 系统内 | C25: 中铁十五局集团第二工程有限公司 | D25: 义龙庆高速 | E25: CR15G2C-SBCG-2024-16 | G25: 743000 | I25: 0 | J25: =G25-I25 -> 743000 | K25: =J25-SUM(L25:P25) -> 0 | O25: 743000 | Q25: 1 | R25: =J25*Q25 -> 743000 | S25: 丁艳林 | T25: 袁志凌 | U25: 0.6 | V25: =R25*U25 -> 445800 | W25: 袁志凌 | X25: 0.4 | Y25: =R25*X25 -> 297200
A26: 24 | B26: 系统内 | C26: 中铁十九局轨道公司 | D26: 杭州轨道快线土建施工SGJC-4标 | E26: SBHT-09-HZ08-2019-016 | F26: DL263G2 | G26: 1249600 | I26: 0 | J26: =G26-I26 -> 1249600 | K26: =J26-SUM(L26:P26) -> 0 | P26: 1249600 | Q26: 0.7 | R26: =J26*Q26 -> 874720 | S26: 丁艳林 | T26: 唐作栋 | U26: 0.8 | V26: =R26*U26 -> 699776 | W26: 刘新峥 | X26: 0.2 | Y26: =R26*X26 -> 174944
A27: 25 | B27: 系统内 | C27: 中铁二十二局集团第四工程有限公司 | D27: 金义东市域铁路15标项目 | E27: CRCHI-TD-2020-003 | F27: DL242/271 | G27: 2769998.5 | I27: 0 | J27: =G27-I27 -> 2769998.5 | K27: =J27-SUM(L27:P27) -> 0 | P27: 2769998.5 | Q27: 0.7 | R27: =J27*Q27 -> 1938998.9 | S27: 丁艳林 | T27: 万赛 | U27: 1 | V27: =R27*U27 -> 1938998.9
A28: 26 | B28: 系统内 | C28: 中铁十二局集团第四工程有限公司 | D28: 中铁十二局四公司长赣特装设备采购项目 | E28: ZT12-CGJXZQ8-004、005、009 | G28: 2142000 | I28: 0 | J28: =G28-I28 -> 2142000 | K28: =J28-SUM(L28:P28) -> 0 | L28: 0 | M28: 2142000 | Q28: 0.5 | R28: =J28*Q28 -> 1071000 | S28: 杨志胜 | T28: 杨志胜 | U28: 1 | V28: =R28*U28 -> 1071000
A29: 27 | B29: 系统内 | C29: 中铁十二局集团第四工程有限公司 | D29: 中铁十二局四公司长赣特装设备采购项目 | E29: ZT12-CGJXZQ8-001、002、003、006、007、008 | G29: 43035000 | I29: 5000000 | J29: =G29-I29 -> 38035000 | K29: =J29-SUM(L29:P29) -> 0 | L29: 0 | M29: 38035000 | Q29: 0.5 | R29: =J29*Q29 -> 19017500 | S29: 杨志胜 | T29: 杨志胜 | U29: 1 | V29: =R29*U29 -> 19017500
A30: 28 | B30: 系统内 | C30: 中铁二十局集团有限公司 | D30: 中铁20局福州港后铁路机制砂项目 | E30: CR2006-港后-SC-25-010 | G30: 212400 | I30: 212400 | J30: =G30-I30 -> 0 | K30: =J30-SUM(L30:P30) -> 0 | L30: 0 | Q30: 1 | R30: =J30*Q30 -> 0 | S30: 张仕民 | T30: 周斌 | U30: 1 | V30: =R30*U30 -> 0
A31: 29 | B31: 系统外 | C31: 上海地铁盾构设备工程有限公司 | D31: 崇明线105标 | E31: D24-022F-T00-005 | F31: DL749G2 | G31: 2682000 | I31: 306735 | J31: 2375265 | K31: =J31-SUM(L31:P31) -> 0 | M31: 61233.33 | N31: =J31-M31 -> 2314031.7 | Q31: 1 | R31: =J31*Q31 -> 2375265 | S31: 穆华清 | T31: 赵宇瑄 | U31: 1 | V31: =R31*U31 -> 2375265
J32: =SUBTOTAL(9,J3:J31) -> 78091332 | L32: =SUBTOTAL(9,L3:L31) -> 0 | M32: =SUBTOTAL(9,M3:M31) -> 59882583 | N32: =SUBTOTAL(9,N3:N31) -> 8693074.7 | O32: =SUBTOTAL(9,O3:O31) -> 2744117 | P32: =SUBTOTAL(9,P3:P31) -> 6771557.4 | R32: =SUM(R3:R31) -> 52169347

Sheet 华东区域指挥部主办逾期 (含2021年已回完的项目)
A1: 序号 | B1: 合同主体 | C1: 系统内/外 | D1: 客户名称 | E1: 单位名称 | F1: 项目名称 | G1: 合同编号 | H1: 合同金额 | I1: 合同签订时间 | J1: 设备工号 | K1: 期初逾期 | L1: 2月回款 | M1: 累计回款 | N1: 剩余逾期 | O1: 风险等级 | P1: 主办比例 | Q1: 归属华东金额 | R1: 责任领导 | S1: 责任人1 | V1: 责任人2
R3: 姓名 | S3: 姓名 | T3: 比例 | U3: 金额 | V3: 姓名 | W3: 比例 | X3: 金额
A4: 1 | B4: 工程 | C4: 系统内 | D4: 中铁十一局五公司台州市域铁路项目部 | E4: 十一局五公司 | G4: CRCC11-TJZG-2019-01 | H4: 25086006 | I4: 43511 | J4: DL280G2 | K4: 0 | M4: =K4-N4 -> 0 | N4: 0 | O4: 一般3级 | P4: 0.7 | Q4: =N4*P4 -> 0 | R4: 丁艳林 | S4: 段靖宗 | T4: 0.7 | U4: =Q4*T4 -> 0 | V4: 唐作栋 | W4: 0.3 | X4: =Q4*W4 -> 0
A5: 2 | B5: 工程 | C5: 系统内 | D5: 中铁十六局集团有限公司杭州地铁8号线一期工程施工总承包土建工区一项目部 | E5: 十六局集团 | G5: ZT16J-HZDT8YY-DGZL-001 | H5: 11787600 | I5: 43678 | J5: DL206-G1 | K5: 5656408.7 | M5: =K5-N5 -> 4000000 | N5: 1656408.7 | O5: 不良2级 | P5: 0.7 | Q5: =N5*P5 -> 1159486.1 | R5: 丁艳林 | S5: 段靖宗 | T5: 0.7 | U5: =Q5*T5 -> 811640.26 | V5: 唐作栋 | W5: 0.3 | X5: =Q5*W5 -> 347845.83
A6: 3 | B6: 工程 | C6: 系统内 | D6: 中铁十六局集团有限公司杭州地铁8号线一期工程施工总承包土建工区一项目部 | E6: 十六局集团 | F6: 杭州地铁8号线 | G6: ZT16J-HZDT8YY-DGZL-001 | H6: 11992800 | I6: 43678 | J6: DL262-G2 | K6: 6863991.3 | M6: =K6-N6 -> 0 | N6: 6863991.3 | O6: 不良1级 | P6: 0.7 | Q6: =N6*P6 -> 4804793.9 | R6: 丁艳林 | S6: 段靖宗 | T6: 0.7 | U6: =Q6*T6 -> 3363355.7 | V6: 唐作栋 | W6: 0.3 | X6: =Q6*W6 -> 1441438.2
A7: 4 | B7: 工程 | C7: 系统内 | D7: 中铁十九局集团有限公司杭州地铁8号线一期工程施工总承包土建工区二项目部 | E7: 十九局集团 | G7: SBHT-09-HZ08-2019-016 | H7: 9095400 | I7: 43693 | J7: DL263G2 | K7: 1549600 | M7: =K7-N7 -> 300000 | N7: 1249600 | O7: 一般3级 | P7: 0.7 | Q7: =N7*P7 -> 874720 | R7: 丁艳林 | S7: 段靖宗 | T7: 0.7 | U7: =Q7*T7 -> 612304 | V7: 唐作栋 | W7: 0.3 | X7: =Q7*W7 -> 262416
A8: 5 | B8: 工程 | C8: 系统内 | D8: 中铁十六局集团有限公司绍兴市城市轨道交通1号线工程土建施工10标项目经理部 | E8: 十六局集团 | F8: 绍兴市城市轨道交通1号线工程土建施工10标项目 | G8: SX1-10-DGJZL201911 | H8: 12768762 | I8: 43830 | J8: DL251 | K8: 1565140.1 | M8: =K8-N8 -> 1000000 | N8: 565140.1 | O8: 一般2级 | P8: 0.7 | Q8: =N8*P8 -> 395598.07 | R8: 丁艳林 | S8: 段靖宗 | T8: 0.7 | U8: =Q8*T8 -> 276918.65 | V8: 唐作栋 | W8: 0.3 | X8: =Q8*W8 -> 118679.42
A9: 6 | B9: 工程 | C9: 系统内 | D9: 中铁十六局集团有限公司绍兴市城市轨道交通1号线工程土建施工10标项目经理部 | E9: 十六局集团 | G9: SX1-10-DGJZL201911 | H9: 13517100 | I9: 43830 | J9: DL329 | K9: 743303.8 | M9: =K9-N9 -> 0 | N9: 743303.8 | O9: 一般3级 | P9: 0.7 | Q9: =N9*P9 -> 520312.66 | R9: 丁艳林 | S9: 段靖宗 | T9: 0.7 | U9: =Q9*T9 -> 364218.86 | V9: 唐作栋 | W9: 0.3 | X9: =Q9*W9 -> 156093.8
A10: 7 | B10: 工程 | C10: 系统外 | D10: 宏润建设集团股份有限公司 | E10: 宏润建设 | G10: DGGS-租赁类-(2017)10号-SZ | H10: 9705975 | I10: 42941 | J10: DL506 | K10: 0 | M10: =K10-N10 -> 0 | N10: 0 | O10: 风险1级 | P10: 1 | Q10: =N10*P10 -> 0 | R10: 丁艳林 | S10: 段靖宗 | T10: 1 | U10: =Q10*T10 -> 0
A11: 8 | B11: 工程 | C11: 系统外 | D11: 宏润建设集团股份有限公司 | E11: 宏润建设 | H11: 7940000 | I11: 43045 | J11: DL447 | K11: 3076365.6 | M11: =K11-N11 -> 150000 | N11: 2926365.6 | O11: 风险1级 | P11: 1 | Q11: =N11*P11 -> 2926365.6 | R11: 丁艳林 | S11: 段靖宗 | T11: 1 | U11: =Q11*T11 -> 2926365.6
A12: 9 | B12: 区域 | C12: 系统外 | D12: 浙江物产融资租赁有限公司 | E12: 浙江物产 | F12: 杭州地铁 | G12: WCZD-TJZG-2018-HZ02 | H12: 36500000 | I12: 43445 | J12: DZ630 | K12: 0 | M12: =K12-N12 -> 0 | N12: 0 | O12: 不良3级 | P12: 1 | Q12: =N12*P12 -> 0 | R12: 丁艳林 | S12: 段靖宗 | T12: 0.7 | U12: =Q12*T12 -> 0 | V12: 唐作栋 | W12: 0.3 | X12: =Q12*W12 -> 0
A13: 10 | B13: 区域 | C13: 系统内 | D13: 中铁十五局集团都匀桥梁有限公司 | E13: 中铁十五局集团都匀桥梁公司 | F13: 杭黄铁路 | G13: CRCHI-3-2014-316 | H13: 6400000 | I13: 41935 | J13: G020214048 07#左、G020214054右、G020214053左、G020214057 | K13: 0 | M13: =K13-N13 -> 0 | N13: 0 | P13: 1 | Q13: =N13*P13 -> 0 | R13: 高琳 | S13: 陈浩 | T13: 1 | U13: =Q13*T13 -> 0
A14: 11 | B14: 区域 | C14: 系统内 | D14: 中铁十五局集团都匀桥梁公司杭黄铁路站前VIII标项目经理部 | E14: 中铁十五局集团都匀桥梁公司 | F14: 杭黄铁路 | G14: CRCHI-TZ-2015-009 | H14: 2460000 | I14: 42082 | J14: G020114004 01#、G020114004 02# | K14: 1710000 | M14: =K14-N14 -> 0 | N14: 1710000 | O14: 风险2级 | P14: 1 | Q14: =N14*P14 -> 1710000 | R14: 高琳 | S14: 陈浩 | T14: 1 | U14: =Q14*T14 -> 1710000
A15: 12 | B15: 区域 | C15: 系统内 | D15: 中铁十五局集团第二工程有限公司 | E15: 十五局二公司 | F15: 杭黄铁路 | G15: SBCG-02-2016-014 | H15: 3730000 | I15: 42535 | J15: G070115067、、G070115061 | K15: 0 | M15: =K15-N15 -> 0 | N15: 0 | O15: 不良3级 | P15: 1 | Q15: =N15*P15 -> 0 | R15: 高琳 | S15: 陈浩 | T15: 1 | U15: =Q15*T15 -> 0
A16: 13 | B16: 区域 | C16: 系统内 | D16: 中铁十五局集团第一工程有限公司 | E16: 十五局一公司 | F16: 蒙华铁路 | G16: CRCHI-TZ-2016-1-022 | H16: 1720000 | I16: 42542 | J16: G070116056 | K16: 0 | M16: =K16-N16 -> 0 | N16: 0 | P16: 1 | Q16: =N16*P16 -> 0 | R16: 张仕民 | S16: 杨志胜 | T16: 1 | U16: =Q16*T16 -> 0
A17: 14 | B17: 区域 | C17: 系统内 | D17: 中铁十五局集团第四工程有限公司 | E17: 十五局四公司 | F17: 杭黄铁路 | G17: HH-SBCG-2016-019 | H17: 5500000 | I17: 42592 | J17: G070115054、G070115076、 G070115069 | K17: 0 | M17: =K17-N17 -> 0 | N17: 0 | P17: 1 | Q17: =N17*P17 -> 0 | R17: 张仕民 | S17: 杨志胜 | T17: 1 | U17: =Q17*T17 -> 0
A18: 15 | B18: 区域 | C18: 系统内 | D18: 中铁十五局集团第一工程有限公司 | E18: 十五局一公司 | F18: 玉墨铁路 | G18: CRCHI-TZ-2016-1-027 | H18: 1720000 | I18: 42604 | J18: G070116059 | K18: 0 | M18: =K18-N18 -> 0 | N18: 0 | O18: 风险1级 | P18: 1 | Q18: =N18*P18 -> 0 | R18: 张仕民 | S18: 杨志胜 | T18: 1 | U18: =Q18*T18 -> 0
A19: 16 | B19: 区域 | C19: 系统内 | D19: 中铁十五局集团第四工程有限公司 | E19: 十五局四公司 | F19: 渝黔铁路 | G19: YQ-SBCG-2016-009 | H19: 1760000 | I19: 42591 | J19: G070115060 | K19: 0 | M19: =K19-N19 -> 0 | N19: 0 | O19: 风险1级 | P19: 1 | Q19: =N19*P19 -> 0 | R19: 张仕民 | S19: 杨志胜 | T19: 1 | U19: =Q19*T19 -> 0
A20: 17 | B20: 区域 | C20: 系统外 | D20: 福建省冠畅建筑工程有限公司 | E20: 福建省冠畅建筑工程有限公司 | F20: 黔张常铁路 | G20: 16jqzc-2fb-01 | H20: 1980000 | I20: 42518 | J20: G070115100 | K20: 150000 | M20: =K20-N20 -> 0 | N20: 150000 | O20: 风险3级 | P20: 1 | Q20: =N20*P20 -> 150000 | R20: 张仕民 | S20: 杨志胜 | T20: 1 | U20: =Q20*T20 -> 150000
A21: 18 | B21: 区域 | C21: 系统内 | D21: 中铁十七局集团第六工程有限公司 | E21: 十七局六公司 | F21: 云平高速 | G21: CRCHI-TZ-2017-1-009 | H21: 1586000 | I21: 42802 | J21: G020216150 | K21: 0 | M21: =K21-N21 -> 0 | N21: 0 | O21: 风险1级 | P21: 1 | Q21: =N21*P21 -> 0 | R21: 张仕民 | S21: 杨志胜/邓华富 | T21: 0.5 | U21: =Q21*T21 -> 0 | V21: 周斌/申星 | W21: 0.5 | X21: =Q21*W21 -> 0
A22: 19 | B22: 区域 | C22: 系统内 | D22: 中铁十七局集团第六工程有限公司 | E22: 十七局六公司 | F22: 太焦铁路 | G22: CRCHI-TZ-2017-1-010 | H22: 4125000 | I22: 42809 | J22: G070116074、G070116076、G070116077 | K22: 0 | M22: =K22-N22 -> 0 | N22: 0 | O22: 不良3级 | P22: 1 | Q22: =N22*P22 -> 0 | R22: 张仕民 | S22: 杨志胜/邓华富 | T22: 0.5 | U22: =Q22*T22 -> 0 | V22: 周斌/申星 | W22: 0.5 | X22: =Q22*W22 -> 0
A23: 20 | B23: 区域 | C23: 系统内 | D23: 中铁十七局集团第六工程有限公司 | E23: 十七局六公司 | F23: 莆炎高速 | G23: CRCHI-TZ-2017-1-011 | H23: 1706000 | I23: 42803 | J23: G020216173 | K23: 0 | M23: =K23-N23 -> 0 | N23: 0 | O23: 风险1级 | P23: 1 | Q23: =N23*P23 -> 0 | R23: 张仕民 | S23: 杨志胜/邓华富 | T23: 0.5 | U23: =Q23*T23 -> 0 | V23: 周斌/申星 | W23: 0.5 | X23: =Q23*W23 -> 0
A24: 21 | B24: 区域 | C24: 系统内 | D24: 中铁十七局集团第六工程有限公司 | E24: 十七局六公司 | F24: 长福高速A2,A3标项目部 | G24: CRCHI-TZ-2017-1-012 | H24: 5136000 | I24: 42801 | J24: G020316081 | K24: 0 | M24: =K24-N24 -> 0 | N24: 0 | O24: 风险1级 | P24: 1 | Q24: =N24*P24 -> 0 | R24: 张仕民 | S24: 杨志胜/邓华富 | T24: 0.5 | U24: =Q24*T24 -> 0 | V24: 周斌/申星 | W24: 0.5 | X24: =Q24*W24 -> 0
A25: 22 | B25: 区域 | C25: 系统内 | D25: 中铁十七局集团第六工程有限公司 | E25: 十七局六公司 | F25: 福厦铁路 | G25: CRCC17(6)/GN/SBCG/2017010 | H25: 5170000 | I25: 42877 | J25: G020316092 | K25: 4970000 | M25: =K25-N25 -> 2795000 | N25: 2175000 | O25: 不良3级 | P25: 1 | Q25: =N25*P25 -> 2175000 | R25: 张仕民 | S25: 杨志胜/邓华富 | T25: 0.5 | U25: =Q25*T25 -> 1087500 | V25: 周斌/申星 | W25: 0.5 | X25: =Q25*W25 -> 1087500
A26: 23 | B26: 区域 | C26: 系统内 | D26: 中铁十七局集团第六工程有限公司 | E26: 十七局六公司 | F26: 沙埕湾跨海大桥 | G26: CRCC17(6)/GN/SBCG/2017021 | H26: 5040000 | I26: 42926 | J26: G020217067、G020217068、G020217069 | K26: 0 | M26: =K26-N26 -> 0 | N26: 0 | O26: 风险1级 | P26: 1 | Q26: =N26*P26 -> 0 | R26: 张仕民 | S26: 杨志胜/邓华富 | T26: 0.5 | U26: =Q26*T26 -> 0 | V26: 周斌/申星 | W26: 0.5 | X26: =Q26*W26 -> 0
A27: 24 | B27: 区域 | C27: 系统内 | D27: 中铁十七局集团第六工程有限公司 | E27: 十七局六公司 | F27: 蒲梅铁路 | G27: CRCHI-TZ-2017-1-013 | H27: 14772000 | I27: 42803 | J27: G02021633、34、35、36、52、53、54、55 | K27: 6440000 | M27: =K27-N27 -> 0 | N27: 6440000 | O27: 不良3级 | P27: 1 | Q27: =N27*P27 -> 6440000 | R27: 张仕民 | S27: 杨志胜/邓华富 | T27: 0.5 | U27: =Q27*T27 -> 3220000 | V27: 周斌/申星 | W27: 0.5 | X27: =Q27*W27 -> 3220000
A28: 25 | B28: 区域 | C28: 系统内 | D28: 中铁十七局集团第六工程有限公司 | E28: 十七局六公司 | F28: 大田公路 | G28: CRCC17(6)/GN/SBCG/2017033 | H28: 1610000 | I28: 42971 | J28: G020217055 | K28: 0 | M28: =K28-N28 -> 0 | N28: 0 | P28: 1 | Q28: =N28*P28 -> 0 | R28: 张仕民 | S28: 杨志胜/邓华富 | T28: 0.5 | U28: =Q28*T28 -> 0 | V28: 周斌/申星 | W28: 0.5 | X28: =Q28*W28 -> 0
A29: 26 | B29: 区域 | C29: 系统内 | D29: 中铁十七局集团第六工程有限公司 | E29: 十七局六公司 | F29: 莆炎高速项目 | G29: CRCC17(6)/GN/SBCG/2017034，CRCC17(6)/GN/SBCG/2017034补1(补充合同资料未找到) | H29: 4050000 | I29: 42971 | J29: G020217082、G020217083 | K29: 0 | M29: =K29-N29 -> 0 | N29: 0 | O29: 风险1级 | P29: 1 | Q29: =N29*P29 -> 0 | R29: 张仕民 | S29: 杨志胜/邓华富 | T29: 0.5 | U29: =Q29*T29 -> 0 | V29: 周斌/申星 | W29: 0.5 | X29: =Q29*W29 -> 0
A30: 27 | B30: 区域 | C30: 系统内 | D30: 中铁十七局集团第六工程有限公司 | E30: 十七局六公司 | F30: 靖永高速 | G30: CRCC17(6)/GN/SBCG/2018008 | H30: 3920000 | I30: 43256 | J30: G020218049、G020218050 | K30: 205000 | M30: =K30-N30 -> 0 | N30: 205000 | O30: 不良3级 | P30: 1 | Q30: =N30*P30 -> 205000 | R30: 张仕民 | S30: 杨志胜/邓华富 | T30: 0.5 | U30: =Q30*T30 -> 102500 | V30: 周斌/申星 | W30: 0.5 | X30: =Q30*W30 -> 102500
A31: 28 | B31: 区域 | C31: 系统内 | D31: 中铁二十三局集团轨道交通工程有限公司 | E31: 二十三局轨道公司 | F31: 佛山管片基地 | G31: CR235-FSGS-2017-SC01 | H31: 3108000 | I31: 42866 | J31: G020217035 | K31: 1625600 | M31: =K31-N31 -> 0 | N31: 1625600 | O31: 不良2级 | P31: 0.6 | Q31: =N31*P31 -> 975360 | R31: 张仕民 | S31: 杨志胜 | T31: 1 | U31: =Q31*T31 -> 975360
A32: 29 | B32: 区域 | C32: 系统内 | D32: 中铁十五局集团第一工程有限公司 | E32: 十五局一公司 | F32: 福宜高速 | G32: CRCHI-TZ-2017-1-015 | H32: 2540000 | I32: 42859 | J32: G020317007 | K32: 0 | M32: =K32-N32 -> 0 | N32: 0 | O32: 不良2级 | P32: 1 | Q32: =N32*P32 -> 0 | R32: 张仕民 | S32: 杨志胜 | T32: 1 | U32: =Q32*T32 -> 0
A33: 30 | B33: 区域 | C33: 系统内 | D33: 中铁十五局集团杭绍台高速绍兴金华段HST-TJ05合同段项目经理部 | E33: 十五局集团 | F33: 杭绍台铁路 | G33: SBCG-02-2017-009 | H33: 9980000 | I33: 43000 | J33: G100116026 | K33: 7879998 | M33: =K33-N33 -> 3500000 | N33: 4379998 | O33: 风险2级 | P33: 1 | Q33: =N33*P33 -> 4379998 | R33: 高琳 | S33: 陈浩 | T33: 1 | U33: =Q33*T33 -> 4379998
A34: 31 | B34: 区域 | C34: 系统内 | D34: 中铁二十三局集团轨道交通工程有限公司 | E34: 二十三局轨道公司 | F34: 清远磁浮项目 | G34: CR235-QYCF-2018-SC01 | H34: 1556581.2 | I34: 43441 | J34: G020218028 | K34: 748581.19 | M34: =K34-N34 -> 0 | N34: 748581.19 | O34: 不良2级 | P34: 0.6 | Q34: =N34*P34 -> 449148.71 | R34: 张仕民 | S34: 杨志胜 | T34: 1 | U34: =Q34*T34 -> 449148.71
A35: 32 | B35: 区域 | C35: 系统内 | D35: 中铁十五局集团第二工程有限公司 | E35: 十五局二公司 | F35: 兴赣高速 | G35: SBCG-02-2018-006 | H35: 1840000 | I35: 43236 | J35: G020117057 | K35: 0 | M35: =K35-N35 -> 0 | N35: 0 | O35: 不良1级 | P35: 1 | Q35: =N35*P35 -> 0 | R35: 高琳 | S35: 陈浩 | T35: 1 | U35: =Q35*T35 -> 0
A36: 33 | B36: 区域 | C36: 系统内 | D36: 中铁十五局集团第二工程有限公司 | E36: 十五局二公司 | F36: 临双高速 | G36: SBCG-02-2018-007 | H36: SBCG-02-2017-009 | I36: 43273 | J36: G020218080、G020218081 | K36: 482000 | M36: =K36-N36 -> 0 | N36: 482000 | O36: 不良2级 | P36: 1 | Q36: =N36*P36 -> 482000 | R36: 高琳 | S36: 陈浩 | T36: 1 | U36: =Q36*T36 -> 482000
A37: 34 | B37: 区域 | C37: 系统内 | D37: 中铁十五局集团第二工程有限公司 | E37: 十五局二公司 | F37: 安吉公路 | G37: SBCG-02-2018-009 | H37: 1800000 | I37: 43326 | J37: G020118005、06 | K37: 0 | M37: =K37-N37 -> 0 | N37: 0 | O37: 不良2级 | P37: 1 | Q37: =N37*P37 -> 0 | R37: 高琳 | S37: 陈浩 | T37: 1 | U37: =Q37*T37 -> 0
A38: 35 | B38: 区域 | C38: 系统内 | D38: 中铁十五局集团第一工程有限公司玉磨铁路项目经理部 | E38: 十五局一公司 | F38: 玉磨项目搅拌站电器系统改造 | G38: CRCHI-TZ-2016-1-018-补 | H38: 75000 | I38: 42534 | J38: G020216035、 G020216036 | K38: 75000 | M38: =K38-N38 -> 75000 | N38: 0 | O38: 风险2级 | P38: 1 | Q38: =N38*P38 -> 0 | R38: 张仕民 | S38: 杨志胜 | T38: 1 | U38: =Q38*T38 -> 0
A39: 36 | B39: 区域 | C39: 系统内 | D39: 中铁十五局集团第四工程有限公司 | E39: 十五局四公司 | F39: 渝怀铁路项目 | G39: YHTL-WZCG-2018-018 | H39: 52000 | I39: 43490 | K39: 0 | M39: =K39-N39 -> 0 | N39: 0 | O39: 不良2级 | P39: 1 | Q39: =N39*P39 -> 0 | R39: 张仕民 | S39: 杨志胜 | T39: 1 | U39: =Q39*T39 -> 0
A40: 37 | B40: 区域 | C40: 系统内 | D40: 中铁二十二局集团第三工程有限公司 | E40: 二十二局三公司 | F40: 南沿江项目 | G40: CR2203-GS-SBCG-2019-001 | H40: 10450000 | I40: 43244 | J40: G020319027、28、29、G020219001、02 | K40: 0 | M40: =K40-N40 -> 0 | N40: 0 | O40: 不良2级 | P40: 0.6 | Q40: =N40*P40 -> 0 | R40: 张仕民 | S40: 杨志胜 | T40: 0.7 | U40: =Q40*T40 -> 0 | V40: 邓华富 | W40: 0.3 | X40: =Q40*W40 -> 0
A41: 38 | B41: 区域 | C41: 系统内 | D41: 中铁十五局集团第一工程有限公司 | E41: 十五局一公司 | F41: 临大高速 | G41: CRCHI-LG-2019-002 | H41: 1059700 | I41: 43677 | J41: G020219018 | K41: 859700 | M41: =K41-N41 -> 0 | N41: 859700 | O41: 不良1级 | P41: 1 | Q41: =N41*P41 -> 859700 | R41: 张仕民 | S41: 杨志胜 | T41: 1 | U41: =Q41*T41 -> 859700
A42: 39 | B42: 区域 | C42: 系统内 | D42: 中铁十五局集团第五工程有限公司 | E42: 十五局五公司 | F42: 兰张高铁项目 | G42: CR15G05-SBCG-201907-005 | H42: 4980000 | I42: 43686 | K42: 600000 | M42: =K42-N42 -> 300000 | N42: 300000 | O42: 不良2级 | P42: 1 | Q42: =N42*P42 -> 300000 | R42: 张仕民 | S42: 杨志胜 | T42: 1 | U42: =Q42*T42 -> 300000
A43: 40 | B43: 区域 | C43: 系统内 | D43: 中铁十五局集团第一工程有限公司 | E43: 十五局一公司 | F43: 玉磨铁路 | G43: CRCHI-TL-2019-003 | H43: 1051900 | I43: 43723 | J43: G020219029 | K43: 325950 | M43: =K43-N43 -> 184128 | N43: 141822 | O43: 不良1级 | P43: 1 | Q43: =N43*P43 -> 141822 | R43: 张仕民 | S43: 杨志胜 | T43: 1 | U43: =Q43*T43 -> 141822
A44: 41 | B44: 区域 | C44: 系统内 | D44: 中铁十六局集团第三工程有限公司 | E44: 十六局三公司 | F44: 郑万重庆段项目 | G44: ZWSBCG20190621 | H44: 1720000 | I44: 43626 | J44: G070118006 | K44: 0 | M44: =K44-N44 -> 0 | N44: 0 | P44: 1 | Q44: =N44*P44 -> 0 | R44: 丁艳林 | S44: 袁志凌 | T44: 1 | U44: =Q44*T44 -> 0
A45: 42 | B45: 区域 | C45: 系统内 | D45: 中铁十五局集团第一工程有限公司广元亭子湖环湖旅游公路项目 | E45: 十五局一公司 | F45: 广元市昭化区亭子湖环湖旅游公路 | G45: CRCHI-LG-2019-003 | H45: 2077400 | I45: 43689 | J45: G020219025 | K45: 338700 | M45: =K45-N45 -> 0 | N45: 338700 | O45: 不良2级 | P45: 1 | Q45: =N45*P45 -> 338700 | R45: 张仕民 | S45: 杨志胜 | T45: 1 | U45: =Q45*T45 -> 338700
A46: 43 | B46: 区域 | C46: 系统内 | D46: 中铁二十四局集团南昌铁路工程有限公司 | E46: 二十四局南昌铁路工程有限公司 | F46: 南昌铁路 | G46: SBZX-SBCG-2019-01 | H46: 4878000 | I46: 43775 | J46: G020319061、G020319062 | K46: 0 | M46: =K46-N46 -> 0 | N46: 0 | O46: 不良1级 | P46: 1 | Q46: =N46*P46 -> 0 | R46: 高琳 | S46: 陈浩 | T46: 1 | U46: =Q46*T46 -> 0
A47: 44 | B47: 区域 | C47: 系统内 | D47: 中铁二十四局集团贵溪桥梁厂有限公司 | E47: 二十四局贵溪桥梁厂 | F47: 长益常项目 | G47: SBGLB-2019-S-7 | H47: 2950000 | I47: 43780 | J47: G020319048、G020319049 | K47: 85000 | M47: =K47-N47 -> 0 | N47: 85000 | O47: 不良1级 | P47: 1 | Q47: =N47*P47 -> 85000 | R47: 高琳 | S47: 陈浩 | T47: 1 | U47: =Q47*T47 -> 85000
A48: 45 | B48: 区域 | C48: 系统内 | D48: 中铁十五局集团第一工程有限公司 | E48: 十五局一公司 | F48: S25静宁(庄浪)至天水高速公路项目总承包部4标 | G48: CRCHI-LG-2019-1501S25线项目-01 | H48: 2095400 | I48: 43789 | J48: G020219049、50 | K48: 0 | M48: =K48-N48 -> 0 | N48: 0 | O48: 不良2级 | P48: 1 | Q48: =N48*P48 -> 0 | R48: 张仕民 | S48: 杨志胜 | T48: 1 | U48: =Q48*T48 -> 0
A49: 46 | B49: 区域 | C49: 系统内 | D49: 中铁二十二局集团第一工程有限公司 | E49: 二十二局一公司 | F49: 杭温铁路 | G49: 07-WSZX-SBCG-2020-002 | H49: 3780000 | I49: 43960 | J49: G020320042、G020320043、G020320044 | K49: 18000 | M49: =K49-N49 -> 0 | N49: 18000 | O49: 不良3级 | P49: 1 | Q49: =N49*P49 -> 18000 | R49: 高琳 | S49: 陈浩 | T49: 1 | U49: =Q49*T49 -> 18000
A50: 47 | B50: 区域 | C50: 系统内 | D50: 中铁二十二局集团第三工程有限公司改建铁路鹰厦线华安城区段外移工程项目部 | E50: 二十二局三公司 | F50: 华安铁路 | G50: CR2203-HA-SBCG-2020-001 | H50: 3590000 | I50: 44013 | J50: G020320078、G020320079 | K50: 0 | M50: =K50-N50 -> 0 | N50: 0 | O50: 不良1级 | P50: 1 | Q50: =N50*P50 -> 0 | R50: 张仕民 | S50: 杨志胜 | T50: 0.7 | U50: =Q50*T50 -> 0 | V50: 邓华富 | W50: 0.3 | X50: =Q50*W50 -> 0
A51: 48 | B51: 区域 | C51: 系统内 | D51: 中铁十五局集团第四工程有限公司 | E51: 十五局四公司 | F51: 楚大/云临/永勐/渝湘/渝遂/苍巴高速公路项目 | G51: CRCHI-TD-2020-008 | H51: 19700000 | I51: 44041 | J51: G020220012、11、10、09、08、05、G020320015、G020320016、G020319063、G020319064、G020220027、G020220028 | K51: 0 | M51: =K51-N51 -> 0 | N51: 0 | O51: 一般2级 | P51: 1 | Q51: =N51*P51 -> 0 | R51: 张仕民 | S51: 杨志胜 | T51: 1 | U51: =Q51*T51 -> 0
A52: 49 | B52: 区域 | C52: 系统外 | D52: 杭州中诚装备服务股份有限公司 | E52: 杭州中诚 | F52: 长沙地铁6号线 | G52: CRCHI-DPXS-202007-001 | H52: 1400000 | I52: 44049 | J52: YBX20010 | K52: 0 | M52: =K52-N52 -> 0 | N52: 0 | O52: 风险1级 | P52: 0.7 | Q52: =N52*P52 -> 0 | R52: 丁艳林 | S52: 段靖宗 | T52: 1 | U52: =Q52*T52 -> 0
A53: 50 | B53: 区域 | C53: 系统外 | D53: 浙江物产工程技术服务有限公司 | E53: 浙江物产 | G53: TJZG-WCZD-GZ20191030 | H53: 4980000 | I53: 43768 | J53: DG543 | K53: 0 | M53: =K53-N53 -> 0 | N53: 0 | O53: 一般2级 | P53: 0.7 | Q53: =N53*P53 -> 0 | R53: 丁艳林 | S53: 段靖宗 | T53: 1 | U53: =Q53*T53 -> 0
A54: 51 | B54: 区域 | C54: 系统内 | D54: 中铁十五局集团第五工程有限公司 | E54: 十五局五公司 | F54: 沪苏湖铁路站前Ⅱ标项目 | G54: CR15G05-SBCG-202009-007 | H54: 3716000 | I54: 44099 | J54: G020420001、G020420002 | K54: 0 | M54: =K54-N54 -> 0 | N54: 0 | O54: 一般2级 | P54: 1 | Q54: =N54*P54 -> 0 | R54: 张仕民 | S54: 杨志胜 | T54: 0.7 | U54: =Q54*T54 -> 0 | V54: 邓华富 | W54: 0.3 | X54: =Q54*W54 -> 0
A55: 52 | B55: 区域 | C55: 系统内 | D55: 中铁十五局集团第二工程有限公司 | E55: 十五局二公司 | F55: 沪杭铁路 | G55: SBCG-02-2020-008 | H55: 4020000 | I55: 44116 | J55: G020320106 | K55: 0 | M55: =K55-N55 -> 0 | N55: 0 | O55: 一般2级 | P55: 1 | Q55: =N55*P55 -> 0 | R55: 高琳 | S55: 陈浩 | T55: 1 | U55: =Q55*T55 -> 0
A56: 53 | B56: 区域 | C56: 系统内 | D56: 中铁二十三局集团轨道交通工程有限公司 | E56: 二十三局轨道公司 | F56: 成绵苍巴高速 | G56: CR235-CMCB-2020-SC02 | H56: 2010000 | I56: 44127 | J56: G020220035、G020220036 | K56: 9000 | M56: =K56-N56 -> 9000 | N56: 0 | O56: 一般3级 | P56: 0.6 | Q56: =N56*P56 -> 0 | R56: 张仕民 | S56: 杨志胜 | T56: 1 | U56: =Q56*T56 -> 0
A57: 54 | B57: 区域 | C57: 系统内 | D57: 中铁十五局集团第五工程有限公司银昆高速项目部 | E57: 十五局五公司 | F57: 银昆高速 | G57: CRCHI-TD-2020-011 | H57: 1260000 | I57: 44102 | J57: G020319035 | K57: 0 | M57: =K57-N57 -> 0 | N57: 0 | O57: 一般2级 | P57: 1 | Q57: =N57*P57 -> 0 | R57: 张仕民 | S57: 杨志胜 | T57: 1 | U57: =Q57*T57 -> 0
A58: 55 | B58: 区域 | C58: 系统内 | D58: 中铁二十二局集团第一工程有限公司杭温铁路站前工程四标项目部 | E58: 二十二局一公司 | F58: 杭温高铁 | G58: 07-WSZX-SBCG-2020-003 | H58: 3720000 | I58: 43990 | J58: G020320101、G020320102、G020320103 | K58: 348000 | M58: =K58-N58 -> 0 | N58: 348000 | O58: 一般2级 | P58: 1 | Q58: =N58*P58 -> 348000 | R58: 高琳 | S58: 陈浩 | T58: 1 | U58: =Q58*T58 -> 348000
A59: 56 | B59: 区域 | C59: 系统内 | D59: 中铁十五局集团都匀桥梁公司杭黄铁路站前VIII标项目经理部 | E59: 中铁十五局集团都匀桥梁公司 | F59: 杭黄铁路 | G59: CRCHI-TZ-2015-001 | H59: 1590000 | I59: 42011 | J59: G020214073 | K59: 290000 | M59: =K59-N59 -> 0 | N59: 290000 | O59: 风险2级 | P59: 1 | Q59: =N59*P59 -> 290000 | R59: 高琳 | S59: 陈浩 | T59: 1 | U59: =Q59*T59 -> 290000
A60: 57 | B60: 区域 | C60: 系统外 | D60: 中建海峡建设发展有限公司 | E60: 中建海峡 | F60: 福州市轨道交通4号线一期2标段5.6工区 | G60: 10700302[2017]55SZ83-07 | H60: 22864000 | I60: 43062 | J60: DL479 | K60: 0 | M60: =K60-N60 -> 0 | N60: 0 | P60: 1 | Q60: =N60*P60 -> 0 | R60: 丁艳林 | S60: 穆华清 | T60: 0.7 | U60: =Q60*T60 -> 0 | V60: 周斌 | W60: 0.3 | X60: =Q60*W60 -> 0
A61: 58 | B61: 区域 | C61: 系统外 | D61: 中建海峡建设发展有限公司 | E61: 中建海峡 | F61: 福州市轨道交通4号线一期2标段5.6工区 | G61: 10700302[2017]55SZ83-07 | H61: 22864000 | I61: 42300 | J61: DL164 | K61: 0 | M61: =K61-N61 -> 0 | N61: 0 | P61: 1 | Q61: =N61*P61 -> 0 | R61: 丁艳林 | S61: 穆华清 | T61: 0.7 | U61: =Q61*T61 -> 0 | V61: 周斌 | W61: 0.3 | X61: =Q61*W61 -> 0
A62: 59 | B62: 区域 | C62: 系统外 | D62: 中建海峡建设发展有限公司 | E62: 中建海峡 | F62: 福州市轨道交通4号线一期2标段5.6工区 | G62: 107003021(2017)55SZ83-07 | H62: 2897090.9 | J62: 保驾护航费 | K62: 0 | M62: =K62-N62 -> 0 | N62: 0 | O62: 一般3级 | P62: 1 | Q62: =N62*P62 -> 0 | R62: 丁艳林 | S62: 穆华清 | T62: 0.7 | U62: =Q62*T62 -> 0 | V62: 周斌 | W62: 0.3 | X62: =Q62*W62 -> 0
A63: 60 | B63: 区域 | C63: 系统外 | D63: 宏润建设集团股份有限公司 | E63: 宏润建设 | F63: 杭州地铁五号线11标项目 | G63: HRJS-TJZG-EPB-2017-08 | H63: 28752137 | I63: 42964 | J63: DZ465 | K63: 0 | M63: =K63-N63 -> 0 | N63: 0 | P63: 1 | Q63: =N63*P63 -> 0 | R63: 丁艳林 | S63: 段靖宗 | T63: 0.7 | U63: =Q63*T63 -> 0 | V63: 沈腾飞 | W63: 0.3 | X63: =Q63*W63 -> 0
A64: 61 | B64: 区域 | C64: 系统外 | D64: 宏润建设集团股份有限公司 | E64: 宏润建设 | F64: 杭州地铁五号线11标项目 | G64: HRJS-TJZG-EPB-2017-08 | H64: 28752137 | I64: 42964 | J64: DZ466 | K64: 0 | M64: =K64-N64 -> 0 | N64: 0 | O64: 风险3级 | P64: 1 | Q64: =N64*P64 -> 0 | R64: 丁艳林 | S64: 段靖宗 | T64: 0.7 | U64: =Q64*T64 -> 0 | V64: 沈腾飞 | W64: 0.3 | X64: =Q64*W64 -> 0
A65: 62 | B65: 区域 | C65: 系统外 | D65: 宏润建设集团股份有限公司 | E65: 宏润建设 | F65: 金义东市域轨道交通工程02标 | G65: HRJS-DG-201710-37 | H65: 36683761 | I65: 43020 | J65: DZ486 | K65: 1320874 | M65: =K65-N65 -> 0 | N65: 1320874 | O65: 风险3级 | P65: 1 | Q65: =N65*P65 -> 1320874 | R65: 丁艳林 | S65: 段靖宗 | T65: 0.7 | U65: =Q65*T65 -> 924611.8 | V65: 沈腾飞 | W65: 0.3 | X65: =Q65*W65 -> 396262.2
A66: 63 | B66: 区域 | C66: 系统外 | D66: 宏润建设集团股份有限公司 | E66: 宏润建设 | F66: 杭州地铁7号线3标 | G66: HRJS-TJZG-2018-05 | H66: 36296000 | I66: 43336 | J66: DZ598 | K66: 0 | M66: =K66-N66 -> 0 | N66: 0 | O66: 不良3级 | P66: 1 | Q66: =N66*P66 -> 0 | R66: 丁艳林 | S66: 段靖宗 | T66: 0.7 | U66: =Q66*T66 -> 0 | V66: 沈腾飞 | W66: 0.3 | X66: =Q66*W66 -> 0
A67: 64 | B67: 区域 | C67: 系统外 | D67: 宏润建设集团股份有限公司 | E67: 宏润建设 | F67: 杭州地铁7号线3标 | G67: HRJS-TJZG-2018-05 | H67: 36296000 | I67: 43336 | J67: DZ599 | K67: 0 | M67: =K67-N67 -> 0 | N67: 0 | O67: 风险3级 | P67: 1 | Q67: =N67*P67 -> 0 | R67: 丁艳林 | S67: 段靖宗 | T67: 0.7 | U67: =Q67*T67 -> 0 | V67: 沈腾飞 | W67: 0.3 | X67: =Q67*W67 -> 0
A68: 65 | B68: 区域 | C68: 系统外 | D68: 杭州金投装备有限公司 | E68: 杭州金投 | F68: 南通地铁 | G68: TJZG-HZJT-201809-DZ572 | H68: 33100000 | I68: 43369 | J68: DZ572 | K68: 0 | M68: =K68-N68 -> 0 | N68: 0 | O68: 一般3级 | P68: 0.7 | Q68: =N68*P68 -> 0 | R68: 丁艳林 | S68: 段靖宗 | T68: 1 | U68: =Q68*T68 -> 0
A69: 66 | B69: 区域 | C69: 系统外 | D69: 浙江物产工程技术服务有限公司 | E69: 浙江物产 | F69: 南通地铁 | G69: WCZD-TJZG-2019-NT02 | H69: 34000000 | I69: 43780 | J69: DZ653 | K69: 0 | M69: =K69-N69 -> 0 | N69: 0 | P69: 0.7 | Q69: =N69*P69 -> 0 | R69: 丁艳林 | S69: 段靖宗 | T69: 0.7 | U69: =Q69*T69 -> 0 | V69: 唐作栋 | W69: 0.3 | X69: =Q69*W69 -> 0
A70: 67 | B70: 投标 | C70: 系统外 | D70: 中交一公局厦门工程有限公司 | E70: 中交一公局 | F70: 深圳地铁8号线二期双模盾构机租赁 | K70: 0 | M70: =K70-N70 -> 0 | N70: 0 | P70: 1 | Q70: =N70*P70 -> 0 | R70: 丁艳林 | S70: 段靖宗 | T70: 1 | U70: =Q70*T70 -> 0
A71: 68 | B71: 投标 | C71: 系统外 | D71: 中交一公局厦门工程有限公司 | E71: 中交一公局 | F71: 深圳地铁8号线二期双模盾构机租赁 | K71: 0 | M71: =K71-N71 -> 0 | N71: 0 | P71: 1 | Q71: =N71*P71 -> 0 | R71: 丁艳林 | S71: 段靖宗 | T71: 1 | U71: =Q71*T71 -> 0
A72: 69 | B72: 区域 | C72: 系统内 | D72: 中铁二十二局集团第四工程有限公司 | E72: 二十二局四公司 | F72: 金台铁路 | G72: 04-JT-SBCG-2017-011 | H72: 4335200 | I72: 42978 | J72: G270117001、G270117002 | K72: 1885200 | M72: =K72-N72 -> 0 | N72: 1885200 | O72: 不良3级 | P72: 0.7 | Q72: =N72*P72 -> 1319640 | R72: 高琳 | S72: 陈浩 | T72: 1 | U72: =Q72*T72 -> 1319640
A73: 70 | B73: 区域 | C73: 系统内 | D73: 中铁十七局集团第一工程有限公司宜遂高速项目部 | E73: 十七局一公司 | F73: 宜遂高速项目 | G73: SBCG-YSGSB4B-2020-0001 | H73: 2760000 | I73: 44059 | J73: G020320098、97 | K73: 0 | M73: =K73-N73 -> 0 | N73: 0 | O73: 一般3级 | P73: 0.7 | Q73: =N73*P73 -> 0 | R73: 高琳 | S73: 陈浩 | T73: 1 | U73: =Q73*T73 -> 0
A74: 71 | B74: 区域 | C74: 系统外 | D74: 中交隧道工程局有限公司 | E74: 中交隧道工程局有限公司 | F74: 衢宁项目 | G74: ZJSD-20170104 | H74: 10620000 | I74: 42905 | J74: G070116144/G070116145/G070117011/G070117012/G070117018/G070117016 | K74: 320000 | M74: =K74-N74 -> 0 | N74: 320000 | O74: 不良3级 | P74: 0.8 | Q74: =N74*P74 -> 256000 | R74: 张仕民 | S74: 杨志胜 | T74: 1 | U74: =Q74*T74 -> 256000
A75: 72 | B75: 工程 | C75: 系统内 | D75: 中铁十一局五公司台州市域铁路项目部 | E75: 十一局五公司 | G75: CRCC11-TJZG-2019-01 | H75: 25086006 | I75: 43511 | J75: DL280G2 | K75: 3521728.7 | M75: =K75-N75 -> 0 | N75: 3521728.7 | O75: 一般3级 | P75: 0.7 | Q75: =N75*P75 -> 2465210.1 | R75: 段靖宗 | S75: 沈腾飞 | T75: 1 | U75: =Q75*T75 -> 2465210.1
A76: 73 | B76: 工程 | C76: 系统内 | D76: 中铁十六局集团有限公司绍兴市城市轨道交通1号线工程土建施工10标项目经理部 | E76: 十六局集团 | G76: SX1-10-DGJZL201911 | H76: 12768762 | I76: 43830 | J76: DL251 | K76: 7194522.8 | N76: 7194522.8 | O76: 一般2级 | P76: 0.7 | Q76: =N76*P76 -> 5036165.9 | R76: 段靖宗 | S76: 段靖宗 | T76: 0.7 | U76: =Q76*T76 -> 3525316.2 | V76: 唐作栋 | W76: 0.3 | X76: =Q76*W76 -> 1510849.8
A77: 74 | B77: 工程 | C77: 系统内 | D77: 中铁十六局集团有限公司绍兴市城市轨道交通1号线工程土建施工10标项目经理部 | E77: 十六局集团 | G77: SX1-10-DGJZL201911 | H77: 13517100 | I77: 43830 | J77: DL329 | K77: 7620484.2 | N77: 7620484.2 | O77: 一般3级 | P77: 0.7 | Q77: =N77*P77 -> 5334338.9 | R77: 段靖宗 | S77: 段靖宗 | T77: 0.7 | U77: =Q77*T77 -> 3734037.3 | V77: 唐作栋 | W77: 0.3 | X77: =Q77*W77 -> 1600301.7
A78: 75 | B78: 集团本部 | C78: 系统内 | D78: 中铁十七局集团上海轨道交通工程有限公司 | E78: 十七局上海轨道公司 | G78: 01-01-十七局轨交(91310107664351137K)-2019-0501-01 | J78: DZ608 | K78: 0 | M78: 1816182.8 | N78: 0 | O78: 一般1级 | P78: 0.7 | Q78: =N78*P78 -> 0 | R78: 丁艳林 | S78: 穆华清 | T78: 0.7 | U78: =Q78*T78 -> 0 | V78: 赵宇瑄 | W78: 0.3 | X78: =Q78*W78 -> 0
A79: 76 | B79: 南通 | C79: 系统外 | D79: 浙江浙银金融租赁股份有限公司 | E79: 浙江浙银 | F79: 苏州地铁 | G79: ZY2020ZJ406-m01 | J79: DZ731 | K79: 0 | M79: 8500000 | N79: 0 | O79: 不良3级 | P79: 0.7 | Q79: =N79*P79 -> 0 | R79: 丁艳林 | S79: 穆华清 | T79: 1 | U79: =Q79*T79 -> 0
A80: 77 | B80: 集团本部 | C80: 系统内 | D80: 中铁十五局集团第三工程有限公司 | E80: 十五局三公司 | F80: 苍巴高速公路 | G80: CR15J-3GS-SBCG-CBGS-2020-08-01 | H80: 2520000 | I80: 44063 | J80: G020320099/100 | K80: 518000 | M80: 1268000 | N80: 0 | O80: 一般1级 | P80: 0.7 | Q80: =N80*P80 -> 0 | R80: 高琳 | S80: 陈浩 | T80: 1 | U80: =Q80*T80 -> 0
A81: 78 | B81: 集团本部 | C81: 系统内 | D81: 中铁十五局集团第一工程有限公司 | E81: 十五局一公司 | F81: 兰阿公路 | G81: CRCHI-LG-2019-1501S104线项目-01 | H81: 4222800 | I81: 43759 | J81: G020219051、G020219052 | K81: 0 | M81: 1511660 | N81: 0 | O81: 一般1级 | P81: 1 | Q81: =N81*P81 -> 0 | R81: 张仕民 | S81: 杨志胜 | T81: 1 | U81: =Q81*T81 -> 0
A82: 79 | B82: 集团本部 | C82: 系统内 | D82: 中铁二十四局集团贵溪桥梁厂有限公司 | E82: 二十四局贵溪桥梁 | F82: 宁乡东制梁场 | G82: SBGLB-2020-S-12 | H82: 2480000 | I82: 44010 | J82: G020317139/40 | K82: 1432000 | N82: 1432000 | O82: 一般1级 | P82: 0.7 | Q82: =N82*P82 -> 1002400 | R82: 高琳 | S82: 陈浩 | T82: 1 | U82: =Q82*T82 -> 1002400
A83: 80 | B83: 集团本部 | C83: 系统内 | D83: 中铁十五局集团第一工程有限公司 | E83: 十五局一公司 | F83: 玉磨铁路 | G83: CRCHI-TL-2019-003 | H83: 1051900 | I83: 43723 | J83: G020219029 | K83: 525950 | N83: 525950 | O83: 一般1级 | P83: 1 | Q83: =N83*P83 -> 525950 | R83: 张仕民 | S83: 杨志胜 | T83: 1 | U83: =Q83*T83 -> 525950
A84: 81 | B84: 本部 | C84: 系统内 | D84: 中铁十五局集团有限公司 | E84: 十五局集团 | F84: 海瑞克S623/624维修改造 | G84: CR15G-CGGS-GZDT18HX-SB2018-010 | H84: 72373364 | I84: 43191 | J84: DG451/452 | K84: 21373372 | N84: 21373372 | O84: 一般1级 | P84: 0.7 | Q84: =N84*P84 -> 14961361 | R84: 丁艳林 | S84: 穆华清 | T84: 0.7 | U84: =Q84*T84 -> 10472952 | V84: 赵宇瑄 | W84: 0.3 | X84: =Q84*W84 -> 4488408.2
A85: 82 | B85: 本部 | C85: 系统内 | D85: 中铁十五局集团第五工程有限公司 | E85: 十五局五公司 | F85: 5公司苍巴高速 | G85: CR15G05-SBCG-202007-003 | J85: G020320081/G020320082/G020320083/G020320084/G020320109/G020320110 | K85: 0 | M85: 3404000 | N85: 0 | O85: 一般1级 | P85: 0.7 | Q85: =N85*P85 -> 0 | R85: 张仕民 | S85: 杨志胜 | T85: 1 | U85: =Q85*T85 -> 0
A86: 83 | B86: 本部 | C86: 系统内 | D86: 中铁十五局集团第四工程有限公司临大高速公路LD08合同段项目经理部 | E86: 十五局四公司 | F86: 4公司临大高速 | G86: CRCHI-LG-2019-008 | J86: G020219047/G020219048 | K86: 0 | M86: 1819400 | N86: 0 | O86: 一般1级 | P86: 1 | Q86: =N86*P86 -> 0 | R86: 张仕民 | S86: 杨志胜 | T86: 1 | U86: =Q86*T86 -> 0
A87: 84 | B87: 本部 | C87: 系统内 | D87: 中铁十五局集团第三工程有限公司 | E87: 十五局三公司 | F87: 3公司柳州公路项目 | G87: CR15J-3GS-WZCG-XGGL-2020-006 | J87: G020220044 | K87: 636000 | M87: 300000 | N87: 336000 | O87: 一般1级 | P87: 0.7 | Q87: =N87*P87 -> 235200 | R87: 高琳 | S87: 陈浩 | T87: 1 | U87: =Q87*T87 -> 235200
A88: 85 | B88: 本部 | C88: 系统外 | D88: 中建海峡建设发展有限公司 | E88: 中建海峡 | F88: 技术服务 | G88: 107003021[2017]55SZ83-07 | K88: 0 | M88: 1335418.2 | N88: 0 | O88: 一般1级 | P88: 1 | Q88: =N88*P88 -> 0 | R88: 丁艳林 | S88: 穆华清 | T88: 1 | U88: =Q88*T88 -> 0
A89: 86 | B89: 本部 | C89: 系统外 | D89: 宏润建设集团股份有限公司 | E89: 宏润建设 | F89: DZ465/466盾构机扩径改造 | G89: CRCHI-JZ-2020-002 | H89: 6890000 | I89: 44012 | J89: DG783 | K89: 179599.68 | M89: 3450000 | N89: 0 | O89: 一般1级 | P89: 1 | Q89: =N89*P89 -> 0 | R89: 丁艳林 | S89: 沈腾飞 | T89: 1 | U89: =Q89*T89 -> 0
A90: 87 | B90: 本部 | C90: 系统外 | D90: 宏润建设集团股份有限公司 | E90: 宏润建设 | F90: DZ465/466盾构机扩径改造 | G90: CRCHI-JZ-2020-002 | H90: 6890000 | I90: 44012 | J90: DG784 | K90: 3450000 | M90: 1210400.3 | N90: 2239599.7 | O90: 一般1级 | P90: 1 | Q90: =N90*P90 -> 2239599.7 | R90: 丁艳林 | S90: 沈腾飞 | T90: 1 | U90: =Q90*T90 -> 2239599.7
A91: 88 | B91: 本部 | C91: 系统内 | D91: 中铁二十四局集团南昌铁路工程有限公司 | E91: 二十四局南昌铁路公司 | F91: 南昌铁路 | G91: SBZX-SBCG-2019-01 | H91: 4878000 | I91: 43775 | J91: G020319061、G020319062 | K91: 640200 | M91: 151800 | N91: 640200 | O91: 不良1级 | P91: 1 | Q91: =N91*P91 -> 640200 | R91: 高琳 | S91: 陈浩 | T91: 1 | U91: =Q91*T91 -> 640200
A92: 89 | B92: 本部 | C92: 系统内 | D92: 中铁十五局集团第四工程有限公司 | E92: 十五局四公司 | F92: 楚大/云临/永勐/渝湘/渝遂/苍巴高速公路项目 | G92: CRCHI-TD-2020-008 | H92: 19700000 | I92: 44041 | J92: G020220012、11、10、09、08、05、G020320015、G020320016、G020319063、G020319064、G020220027、G020220028 | K92: 0 | M92: 3275000 | N92: 0 | O92: 一般2级 | P92: 1 | Q92: =N92*P92 -> 0 | R92: 张仕民 | S92: 杨志胜 | T92: 1 | U92: =Q92*T92 -> 0
A93: 90 | B93: 本部 | C93: 系统内 | D93: 中铁十五局集团路桥建设有限公司 | E93: 十五局路桥 | F93: 沪苏湖项目 | G93: 1506SB21-110 | H93: 2280000 | I93: 44356 | J93: G020320123/G020320124 | K93: 0 | M93: 342000 | N93: 0 | O93: 一般1级 | P93: 1 | Q93: =N93*P93 -> 0 | R93: 高琳 | S93: 陈浩 | T93: 1 | U93: =Q93*T93 -> 0
A94: 91 | B94: 本部 | C94: 系统内 | D94: 中铁十五局集团第一工程有限公司乐西高速项目经理部 | E94: 十五局一公司 | F94: 1公司乐西高速 | G94: CRCHI-TD-2020-001 | H94: 4217600 | I94: 43920 | J94: G020219078、G020219079、G020219080、G020219081 | K94: 0 | M94: 1090000 | N94: 0 | O94: 一般1级 | P94: 0.7 | Q94: =N94*P94 -> 0 | R94: 张仕民 | S94: 杨志胜 | T94: 1 | U94: =Q94*T94 -> 0
A95: 92 | B95: 本部 | C95: 系统内 | D95: 中铁十七局集团第六工程有限公司福州滨海快线2标4工区项目经理部 | E95: 十七局六公司 | F95: 福州滨海快线 | G95: CRCC17(6)/GN/SBCG/2020004 | H95: 124600000 | I95: 43945 | J95: DZ773 | K95: 18690000 | N95: 18690000 | O95: 一般1级 | P95: 0.7 | Q95: =N95*P95 -> 13083000 | R95: 张仕民 | S95: 杨志胜 | T95: 0.25 | U95: =Q95*T95 -> 3270750 | V95: 周斌 | W95: 0.25 | X95: =Q95*W95 -> 3270750
A96: 93 | B96: 本部 | C96: 系统内 | D96: 中铁十六局集团第三工程有限公司郑万铁路重庆段土建6标项目经理部 | E96: 十六局三公司 | F96: 郑万铁路 | G96: ZWCQZQ-6-WS-2017-44 | H96: 7200000 | I96: 43614 | J96: G100116012/G100116030 | K96: 1800000 | N96: 1800000 | O96: 一般1级 | P96: 0.7 | Q96: =N96*P96 -> 1260000 | R96: 丁艳林 | S96: 袁志凌 | T96: 1 | U96: =Q96*T96 -> 1260000
A97: 94 | B97: 本部 | C97: 系统内 | D97: 中铁建大桥工程局集团第二工程有限公司杭州地铁8号线一期工程土建三工区盾 | E97: 中铁建大桥局二公司 | F97: DZ220盾构机扩径改造 | G97: TJDQJ02-DGGZ-004 | H97: 3882300 | I97: 43920 | J97: DG745 | K97: 582377 | N97: 582377 | O97: 一般1级 | P97: 0.7 | Q97: =N97*P97 -> 407663.9 | R97: 段靖宗 | S97: 段靖宗 | T97: 0.7 | U97: =Q97*T97 -> 285364.73 | V97: 唐作栋 | W97: 0.3 | X97: =Q97*W97 -> 122299.17
A98: 95 | B98: 本部 | C98: 系统内 | D98: 中铁二十四局集团有限公司徐州城市轨道交通2号线一期工程07标项目经理部 | E98: 二十四局上海公司 | F98: DZ028盾构机改造翻新 | G98: TJZG-ZT24J-WX20170524 | H98: 12820000 | I98: 42339 | J98: DG138 | K98: 2542038 | M98: 1109600 | N98: 1542038 | O98: 一般1级 | P98: 0.7 | Q98: =N98*P98 -> 1079426.6 | R98: 丁艳林 | S98: 穆华清 | T98: 0.7 | U98: =Q98*T98 -> 755598.62 | V98: 赵宇瑄 | W98: 0.3 | X98: =Q98*W98 -> 323827.98
A99: 96 | B99: 本部 | C99: 系统内 | D99: 中铁二十四局集团有限公司 | E99: 二十四局轨道公司 | F99: DZ213青岛四号线 | G99: CRCHI-PJ-2019-031 | H99: 2034000 | I99: 43818 | J99: DG634 | K99: 0 | M99: 203400 | N99: 0 | O99: 一般1级 | P99: 0.7 | Q99: =N99*P99 -> 0 | R99: 丁艳林 | S99: 穆华清 | T99: 0.7 | U99: =Q99*T99 -> 0 | V99: 赵宇瑄 | W99: 0.3 | X99: =Q99*W99 -> 0
A100: 97 | B100: 本部 | C100: 系统内 | D100: 中交隧道工程局有限公司北京盾构工程分公司 | E100: 中交隧道 | F100: 千岛湖引水工程 | G100: ZJSD-DGGS-DGJDPXZ-2020001 | H100: 2600000 | I100: 43922 | J100: YBX20002 | K100: 420000 | M100: 440000 | N100: 80000 | O100: 一般1级 | P100: 0.7 | Q100: =N100*P100 -> 56000 | R100: 丁艳林 | S100: 穆华清 | T100: 1 | U100: =Q100*T100 -> 56000
A101: 98 | B101: 本部 | C101: 系统内 | D101: 中建隧道建设有限公司 | E101: 中建隧道 | F101: 重庆5号线北延 | G101: 2802-02-F-25-01 | H101: 11965000 | I101: 44055 | J101: DG714/DG715 | K101: 0 | M101: 2393000 | N101: 0 | O101: 一般1级 | P101: 1 | Q101: =N101*P101 -> 0 | R101: 丁艳林 | S101: 穆华清 | T101: 1 | U101: =Q101*T101 -> 0
...

Sheet 华东区域指挥协办逾期
A1: 序号 | B1: 系统内/外 | C1: 客户名称 | D1: 项目名称 | E1: 合同编号 | F1: 设备工号 | G1: 期初逾期 | H1: 1月回款 | I1: 累计回款 | J1: 剩余逾期 | K1: 考核备注 | L1: 逾期账龄 | Q1: 拆分比例 | S1: 责任领导 | T1: 责任人1 | W1: 责任人2
L2: 3个月以内 | M2: 3-6个月 | N2: 6-12个月 | O2: 1-3年 | P2: 3年以上 | Q2: 协办比例 | R2: 归属华东金额 | S2: 姓名 | T2: 姓名 | U2: 比例 | V2: 金额 | W2: 姓名 | X2: 比例 | Y2: 金额
A3: 1 | B3: 系统外 | C3: 浙江物产工程技术服务有限公司 | D3: 长春地铁9号线2台ZTE7150租赁合同 | E3: CRCHI-GZ-2023-013 | G3: 2688100 | J3: =G3-I3 -> 2688100 | K3: =J3-SUM(L3:P3) -> 0 | M3: 2688100 | Q3: 0.3 | R3: =J3*Q3 -> 806430 | S3: 丁艳林 | T3: 唐作栋 | U3: 0.7 | V3: =R3*U3 -> 564501 | W3: 刘新峥 | X3: 0.3 | Y3: =R3*X3 -> 241929
A4: 2 | B4: 系统内 | C4: 中铁十四局大盾构公司 | D4: 昌九铁路ZTS14810泥水平衡盾构机改造合同”的审批申请 | E4: ZT14J-TJZG-GZ-2023001 | G4: 14703687 | J4: =G4-I4 -> 14703687 | K4: =J4-SUM(L4:P4) -> 0 | N4: 14703687 | Q4: 0.4 | R4: =J4*Q4 -> 5881474.8 | S4: 张仕民 | T4: 陈浩 | U4: 1 | V4: =R4*U4 -> 5881474.8
A5: 3 | B5: 系统内 | C5: 中铁十五局集团第二工程有限公司 | D5: 宜涪项目4台HZS180X采购合同 | E5: CR15G2C-SBCG-2025-07 | G5: 2172000 | J5: =G5-I5 -> 2172000 | K5: =J5-SUM(L5:P5) -> 0 | L5: 0 | M5: 2172000 | Q5: 0.3 | R5: =J5*Q5 -> 651600 | S5: 穆华清 | T5: 赵宇瑄 | U5: 1 | V5: =R5*U5 -> 651600
A6: 4 | B6: 系统内 | C6: 中铁十五局集团第二工程有限公司 | D6: 盐宜铁路搅拌站采购项目 | E6: CR15G2C-SBCG-2025-18 | G6: 2286000 | J6: =G6-I6 -> 2286000 | K6: =J6-SUM(L6:P6) -> 0 | L6: 0 | M6: 2286000 | Q6: 0.3 | R6: =J6*Q6 -> 685800 | S6: 穆华清 | T6: 赵宇瑄 | U6: 1 | V6: =R6*U6 -> 685800
A7: 5 | B7: 系统内 | C7: 中铁十九局集团华东工程有限公司 | D7: 宜昌至涪陵高速铁路（湖北段）项目 | E7: CRCHI-XS-2025-014 | G7: 852000 | J7: =G7-I7 -> 852000 | K7: =J7-SUM(L7:P7) -> 0 | L7: 0 | M7: 852000 | Q7: 0.3 | R7: =J7*Q7 -> 255600 | S7: 丁艳林 | T7: 万赛 | U7: 1 | V7: =R7*U7 -> 255600
A8: 6 | B8: 系统外 | C8: 江苏筑世国际贸易有限公司 | D8: 江苏筑世国际贸易有限公司沙特阿拉伯交通隧道项目1批隧道装备产品采购合同 | E8: CSCEC-ZSIT-PC-2024001 | G8: 12042958 | J8: =G8-I8 -> 12042958 | K8: =J8-SUM(L8:P8) -> 0 | M8: 5421000 | N8: 6621958 | Q8: 0.2 | R8: =J8*Q8 -> 2408591.6 | S8: 张仕民 | T8: 周斌 | U8: 1 | V8: =R8*U8 -> 2408591.6
A9: 7 | B9: 系统外 | C9: 福建省冠畅建筑工程有限公司 | D9: 黔张常铁路 | E9: 16jqzc-2fb-01 | G9: 150000 | J9: =G9-I9 -> 150000 | K9: =J9-SUM(L9:P9) -> 0 | P9: 150000 | Q9: 0.3 | R9: =J9*Q9 -> 45000 | S9: 张仕民 | T9: 杨志胜 | U9: 1 | V9: =R9*U9 -> 45000
A10: 8 | B10: 系统内 | C10: 中铁十五局集团第二工程有限公司 | D10: 中吉乌铁路1批特种装备采购合同 | E10: CR15G2C-SBCG-2025-17 | G10: 5121000 | J10: =G10-I10 -> 5121000 | K10: =J10-SUM(L10:P10) -> 0 | L10: 0 | M10: 5121000 | Q10: 0.5 | R10: =J10*Q10 -> 2560500 | S10: 穆华清 | T10: 赵宇瑄 | U10: 1 | V10: =R10*U10 -> 2560500

Sheet 按客户划分
A1: 客户类别 | B1: 客户 | C1: 存量逾期 | D1: 新增逾期 | E1: 合计 | F1: 逾期排名
A2: 系统内 | B2: 中铁二十四局福建公司 | C2: =(SUMIF(华东区域指挥部主办逾期!$C$3:$C$31,B2,华东区域指挥部主办逾期!$R$3:$R$31)+SUMIF(华东区域指挥协办逾期!$C$3:$C$10,B2,华东区域指挥协办逾期!$R$3:$R$10))/10000 -> 0 | D2: =(SUMIF([1]华东区域指挥部主办逾期!$C$3:$C$30,B2,[1]华东区域指挥部主办逾期!$R$3:$R$30)+SUMIF([1]华东区域指挥协办逾期!$C$3:$C$10,B2,[1]华东区域指挥协办逾期!$R$3:$R$10))/10000 -> 4426 | E2: =SUM(C2:D2) -> 4426 | F2: =_xlfn.RANK.EQ(E2,$E$2:$E$40) -> 1
A3: 系统内 | B3: 中铁十二局集团第四工程有限公司 | C3: =(SUMIF(华东区域指挥部主办逾期!$C$3:$C$31,B3,华东区域指挥部主办逾期!$R$3:$R$31)+SUMIF(华东区域指挥协办逾期!$C$3:$C$10,B3,华东区域指挥协办逾期!$R$3:$R$10))/10000 -> 2370.05 | D3: =(SUMIF([1]华东区域指挥部主办逾期!$C$3:$C$30,B3,[1]华东区域指挥部主办逾期!$R$3:$R$30)+SUMIF([1]华东区域指挥协办逾期!$C$3:$C$10,B3,[1]华东区域指挥协办逾期!$R$3:$R$10))/10000 -> 1013.45 | E3: =SUM(C3:D3) -> 3383.5 | F3: =_xlfn.RANK.EQ(E3,$E$2:$E$40) -> 2
A4: 系统内 | B4: 中铁十四局集团第二工程有限公司 | C4: =(SUMIF(华东区域指挥部主办逾期!$C$3:$C$31,B4,华东区域指挥部主办逾期!$R$3:$R$31)+SUMIF(华东区域指挥协办逾期!$C$3:$C$10,B4,华东区域指挥协办逾期!$R$3:$R$10))/10000 -> 0 | D4: =(SUMIF([1]华东区域指挥部主办逾期!$C$3:$C$30,B4,[1]华东区域指挥部主办逾期!$R$3:$R$30)+SUMIF([1]华东区域指挥协办逾期!$C$3:$C$10,B4,[1]华东区域指挥协办逾期!$R$3:$R$10))/10000 -> 2989 | E4: =SUM(C4:D4) -> 2989 | F4: =_xlfn.RANK.EQ(E4,$E$2:$E$40) -> 3
A5: 系统内 | B5: 中铁十四局隧道公司 | C5: =(SUMIF(华东区域指挥部主办逾期!$C$3:$C$31,B5,华东区域指挥部主办逾期!$R$3:$R$31)+SUMIF(华东区域指挥协办逾期!$C$3:$C$10,B5,华东区域指挥协办逾期!$R$3:$R$10))/10000 -> 0 | D5: =(SUMIF([1]华东区域指挥部主办逾期!$C$3:$C$30,B5,[1]华东区域指挥部主办逾期!$R$3:$R$30)+SUMIF([1]华东区域指挥协办逾期!$C$3:$C$10,B5,[1]华东区域指挥协办逾期!$R$3:$R$10))/10000 -> 2559.2 | E5: =SUM(C5:D5) -> 2559.2 | F5: =_xlfn.RANK.EQ(E5,$E$2:$E$40) -> 4
A6: 系统内 | B6: 中铁十二局集团第三工程有限公司 | C6: =(SUMIF(华东区域指挥部主办逾期!$C$3:$C$31,B6,华东区域指挥部主办逾期!$R$3:$R$31)+SUMIF(华东区域指挥协办逾期!$C$3:$C$10,B6,华东区域指挥协办逾期!$R$3:$R$10))/10000 -> 0 | D6: =(SUMIF([1]华东区域指挥部主办逾期!$C$3:$C$30,B6,[1]华东区域指挥部主办逾期!$R$3:$R$30)+SUMIF([1]华东区域指挥协办逾期!$C$3:$C$10,B6,[1]华东区域指挥协办逾期!$R$3:$R$10))/10000 -> 1191.68 | E6: =SUM(C6:D6) -> 1191.68 | F6: =_xlfn.RANK.EQ(E6,$E$2:$E$40) -> 5
A7: 系统内 | B7: 中铁十八局集团隧道工程有限公司 | C7: =(SUMIF(华东区域指挥部主办逾期!$C$3:$C$31,B7,华东区域指挥部主办逾期!$R$3:$R$31)+SUMIF(华东区域指挥协办逾期!$C$3:$C$10,B7,华东区域指挥协办逾期!$R$3:$R$10))/10000 -> 0 | D7: =(SUMIF([1]华东区域指挥部主办逾期!$C$3:$C$30,B7,[1]华东区域指挥部主办逾期!$R$3:$R$30)+SUMIF([1]华东区域指挥协办逾期!$C$3:$C$10,B7,[1]华东区域指挥协办逾期!$R$3:$R$10))/10000 -> 925.643 | E7: =SUM(C7:D7) -> 925.643 | F7: =_xlfn.RANK.EQ(E7,$E$2:$E$40) -> 8
A8: 系统外 | B8: 福州地铁实业有限公司 | C8: =(SUMIF(华东区域指挥部主办逾期!$C$3:$C$31,B8,华东区域指挥部主办逾期!$R$3:$R$31)+SUMIF(华东区域指挥协办逾期!$C$3:$C$10,B8,华东区域指挥协办逾期!$R$3:$R$10))/10000 -> 1037.6551 | D8: =(SUMIF([1]华东区域指挥部主办逾期!$C$3:$C$30,B8,[1]华东区域指挥部主办逾期!$R$3:$R$30)+SUMIF([1]华东区域指挥协办逾期!$C$3:$C$10,B8,[1]华东区域指挥协办逾期!$R$3:$R$10))/10000 -> 0 | E8: =SUM(C8:D8) -> 1037.6551 | F8: =_xlfn.RANK.EQ(E8,$E$2:$E$40) -> 6
A9: 系统外 | B9: 上海地铁盾构设备工程有限公司 | C9: =(SUMIF(华东区域指挥部主办逾期!$C$3:$C$31,B9,华东区域指挥部主办逾期!$R$3:$R$31)+SUMIF(华东区域指挥协办逾期!$C$3:$C$10,B9,华东区域指挥协办逾期!$R$3:$R$10))/10000 -> 442.9554 | D9: =(SUMIF([1]华东区域指挥部主办逾期!$C$3:$C$30,B9,[1]华东区域指挥部主办逾期!$R$3:$R$30)+SUMIF([1]华东区域指挥协办逾期!$C$3:$C$10,B9,[1]华东区域指挥协办逾期!$R$3:$R$10))/10000 -> 543.1155 | E9: =SUM(C9:D9) -> 986.0709 | F9: =_xlfn.RANK.EQ(E9,$E$2:$E$40) -> 7
A10: 系统内 | B10: 中铁十一局集团第一工程有限公司 | C10: =(SUMIF(华东区域指挥部主办逾期!$C$3:$C$31,B10,华东区域指挥部主办逾期!$R$3:$R$31)+SUMIF(华东区域指挥协办逾期!$C$3:$C$10,B10,华东区域指挥协办逾期!$R$3:$R$10))/10000 -> 0 | D10: =(SUMIF([1]华东区域指挥部主办逾期!$C$3:$C$30,B10,[1]华东区域指挥部主办逾期!$R$3:$R$30)+SUMIF([1]华东区域指挥协办逾期!$C$3:$C$10,B10,[1]华东区域指挥协办逾期!$R$3:$R$10))/10000 -> 858.9978 | E10: =SUM(C10:D10) -> 858.9978 | F10: =_xlfn.RANK.EQ(E10,$E$2:$E$40) -> 9
A11: 系统内 | B11: 中铁十九局集团华东工程有限公司 | C11: =(SUMIF(华东区域指挥部主办逾期!$C$3:$C$31,B11,华东区域指挥部主办逾期!$R$3:$R$31)+SUMIF(华东区域指挥协办逾期!$C$3:$C$10,B11,华东区域指挥协办逾期!$R$3:$R$10))/10000 -> 25.56 | D11: =(SUMIF([1]华东区域指挥部主办逾期!$C$3:$C$30,B11,[1]华东区域指挥部主办逾期!$R$3:$R$30)+SUMIF([1]华东区域指挥协办逾期!$C$3:$C$10,B11,[1]华东区域指挥协办逾期!$R$3:$R$10))/10000 -> 710.76 | E11: =SUM(C11:D11) -> 736.32 | F11: =_xlfn.RANK.EQ(E11,$E$2:$E$40) -> 10
A12: 系统内 | B12: 中铁十四局大盾构公司 | C12: =(SUMIF(华东区域指挥部主办逾期!$C$3:$C$31,B12,华东区域指挥部主办逾期!$R$3:$R$31)+SUMIF(华东区域指挥协办逾期!$C$3:$C$10,B12,华东区域指挥协办逾期!$R$3:$R$10))/10000 -> 588.14748 | D12: =(SUMIF([1]华东区域指挥部主办逾期!$C$3:$C$30,B12,[1]华东区域指挥部主办逾期!$R$3:$R$30)+SUMIF([1]华东区域指挥协办逾期!$C$3:$C$10,B12,[1]华东区域指挥协办逾期!$R$3:$R$10))/10000 -> 0 | E12: =SUM(C12:D12) -> 588.14748 | F12: =_xlfn.RANK.EQ(E12,$E$2:$E$40) -> 11
A13: 系统内 | B13: 中铁十六局集团地铁工程有限公司 | C13: =(SUMIF(华东区域指挥部主办逾期!$C$3:$C$31,B13,华东区域指挥部主办逾期!$R$3:$R$31)+SUMIF(华东区域指挥协办逾期!$C$3:$C$10,B13,华东区域指挥协办逾期!$R$3:$R$10))/10000 -> 0 | D13: =(SUMIF([1]华东区域指挥部主办逾期!$C$3:$C$30,B13,[1]华东区域指挥部主办逾期!$R$3:$R$30)+SUMIF([1]华东区域指挥协办逾期!$C$3:$C$10,B13,[1]华东区域指挥协办逾期!$R$3:$R$10))/10000 -> 560.15008 | E13: =SUM(C13:D13) -> 560.15008 | F13: =_xlfn.RANK.EQ(E13,$E$2:$E$40) -> 12
... A40: 系统内 | B40: 中铁十五局集团城市轨道交通工程有限公司 | C40: =(SUMIF(华东区域指挥部主办逾期!$C$3:$C$31,B40,华东区域指挥部主办逾期!$R$3:$R$31)+SUMIF(华东区域指挥协办逾期!$C$3:$C$10,B40,华东区域指挥协办逾期!$R$3:$R$10))/10000 -> 0 | D40: =(SUMIF([1]华东区域指挥部主办逾期!$C$3:$C$30,B40,[1]华东区域指挥部主办逾期!$R$3:$R$30)+SUMIF([1]华东区域指挥协办逾期!$C$3:$C$10,B40,[1]华东区域指挥协办逾期!$R$3:$R$10))/10000 -> 0 | E40: =SUM(C40:D40) -> 0 | F40: =_xlfn.RANK.EQ(E40,$E$2:$E$40) -> 35
A41: 合计 | C41: =SUM(C2:C40) -> 6546.4343 | D41: =SUM(D2:D40) -> 17210.434 | E41: =SUM(E2:E40) -> 23756.869

Sheet 期末各单位逾期
A1: 客户名称 | B1: 期末逾期
A2: 中铁十六局轨道公司 | B2: 1997.7673
A3: 中铁十八局集团市政工程有限公司 | B3: 1170.8057
A4: 中铁十二局集团第四工程有限公司 | B4: 650
A5: 中铁二十四局集团南昌铁路工程有限公司 | B5: 649.6
A6: 中铁二十二局集团第四工程有限公司 | B6: 636.99985
A7: 福州地铁实业有限公司 | B7: 619.62163 | G7: 10000
A8: 上海市基础工程集团有限公司 | B8: 504.94779
A9: 中铁十一局集团第五工程有限公司 | B9: 482.69969
A10: 中铁二十五局集团第三工程有限公司 | B10: 283.7005
A11: 中铁二十二局集团轨道工程有限公司 | B11: 256.55096
A12: 中铁十七局集团第六工程有限公司 | B12: 230.5
A13: 中铁十六局集团第三工程有限公司 | B13: 180
A14: 中铁十九局轨道公司 | B14: 124.96
A15: 中铁十九局集团 | B15: 109.8
A16: 江西铜业股份有限公司 | B16: 107.25
A17: 中铁十四局房桥公司 | B17: 100.5
A18: 中铁二十四局集团桥梁建设有限公司 | B18: 82.5
A19: 中铁十一局集团第一工程有限公司 | B19: 82
... A33: 中铁十四局集团第四工程有限公司 | B33: 0.027

Sheet 华东区域指挥协办逾期 (含2021年已回完的项目)
A1: 序号 | B1: 客户名称 | C1: 单位名称 | D1: 项目名称 | E1: 合同编号 | F1: 合同金额 | G1: 合同签订时间 | H1: 设备工号 | I1: 期初逾期 | J1: 2月回款 | K1: 累计回款 | L1: 剩余逾期 | M1: 风险等级 | N1: 协办比例 | O1: 归属华东金额 | P1: 责任领导 | Q1: 责任人1 | T1: 责任人2
P3: 姓名 | Q3: 姓名 | R3: 比例 | S3: 金额 | T3: 姓名 | U3: 比例 | V3: 金额
A4: 1 | B4: 中铁二十四局集团有限公司 | C4: 二十二局集团 | D4: 徐州地铁2号线7标 | E4: CR(24)XZDT-2018-01 | F4: 14483730 | H4: DL256G1 | I4: 81731.01 | K4: =I4-L4 -> 81731.01 | L4: 0 | M4: 不良2级 | N4: 0.3 | O4: =L4*N4 -> 0 | P4: 丁艳林 | Q4: 穆华清 | R4: 1 | S4: =O4*R4 -> 0
A5: 2 | B5: 中铁二十四局集团有限公司 | C5: 二十二局集团 | D5: 徐州地铁2号线7标 | E5: CR(24)XZDT-2018-02 | F5: 8216500 | G5: 42454 | H5: DL258 | I5: 2518269 | K5: =I5-L5 -> 1418269 | L5: 1100000 | M5: 不良2级 | N5: 0.3 | O5: =L5*N5 -> 330000 | P5: 丁艳林 | Q5: 穆华清 | R5: 1 | S5: =O5*R5 -> 330000
A6: 3 | B6: 中铁十九局集团第一工程有限公司 | C6: 十九局一公司 | D6: 朱溪水库 | E6: CR191-TZXM2017-SBHT001-补02 | F6: 8270382 | G6: 43593 | H6: DZ413 | I6: 7819381.9 | K6: =I6-L6 -> 2000000 | L6: 5819381.9 | M6: 一般3级 | N6: 0.3 | O6: =L6*N6 -> 1745814.6 | P6: 丁艳林 | Q6: 段靖宗 | R6: 0.7 | S6: =O6*R6 -> 1222070.2 | T6: 唐作栋 | U6: 0.3 | V6: =O6*U6 -> 523744.37
A7: 4 | B7: 陕西恒通盛路桥建设工程有限公司 | C7: 陕西恒通盛路桥建设工程有限公司 | D7: 蒙华 | E7: CRCHI-GCJX-2015-024 | F7: 1660000 | G7: 42299 | H7: G070115053 | I7: 0 | K7: =I7-L7 -> 0 | L7: 0 | N7: 0.3 | O7: =L7*N7 -> 0 | P7: 张仕民 | Q7: 杨志胜 | R7: 1 | S7: =O7*R7 -> 0
A8: 5 | B8: 中铁二十一局集团第六工程有限公司 | C8: 二十一局六公司 | D8: 兴泉铁路 | E8: 21J-XQXN-1-2017-SB-001 | F8: 1995000 | G8: 43026 | H8: G020317042 | I8: 0 | K8: =I8-L8 -> 0 | L8: 0 | M8: 不良2级 | N8: 0.3 | O8: =L8*N8 -> 0 | P8: 张仕民 | Q8: 申星 | R8: 1 | S8: =O8*R8 -> 0
A9: 6 | B9: 中铁十六局集团第一工程有限公司 | C9: 十六局一公司 | D9: 福厦铁路 | E9: 01gs-sbcg-2017-0030 | F9: 3960000 | G9: 43094 | H9: G070117021 | I9: 0 | K9: =I9-L9 -> 0 | L9: 0 | M9: 风险1级 | N9: 0.3 | O9: =L9*N9 -> 0 | P9: 张仕民 | Q9: 杨志胜 | R9: 0.7 | S9: =O9*R9 -> 0 | T9: 邓华富 | U9: 0.3 | V9: =O9*U9 -> 0
A10: 7 | B10: 中铁二十二局集团第二工程有限公司 | C10: 二十二局二公司 | D10: 莆炎高速 | E10: SB2018-001 | F10: 2042393.2 | G10: 43395 | H10: G020218006、07 | I10: 1324393.2 | K10: =I10-L10 -> 0 | L10: 1324393.2 | M10: 不良3级 | N10: 0.3 | O10: =L10*N10 -> 397317.95 | P10: 张仕民 | Q10: 申星 | R10: 1 | S10: =O10*R10 -> 397317.95
A11: 8 | B11: 中铁建大桥工程局集团第三工程有限公司 | C11: 中铁建大桥局三公司 | D11: 杭绍台铁路 | E11: DJQ03-杭绍台铁路设备采购-2018-001 | F11: 2872000 | G11: 43217 | H11: G020318007 | I11: 887400 | K11: =I11-L11 -> 0 | L11: 887400 | M11: 风险2级 | N11: 0.3 | O11: =L11*N11 -> 266220 | P11: 张仕民 | Q11: 杨志胜 | R11: 1 | S11: =O11*R11 -> 266220
A12: 9 | B12: 中铁建大桥工程局集团第三工程有限公司 | C12: 中铁建大桥局三公司 | D12: 杭绍台铁路 | E12: DJQ03-杭绍台铁路设备采购-2018-002 | F12: 1350000 | G12: 43227 | H12: G020318014 | I12: 0 | K12: =I12-L12 -> 0 | L12: 0 | M12: 风险2级 | N12: 0.3 | O12: =L12*N12 -> 0 | P12: 张仕民 | Q12: 杨志胜 | R12: 1 | S12: =O12*R12 -> 0
A13: 10 | B13: 中铁建大桥工程局集团第三工程有限公司 | C13: 中铁建大桥局三公司 | D13: 杭绍台铁路 | E13: DQJ03-杭绍台铁路设备采购-2018-005 | F13: 2760000 | G13: 43298 | H13: G020318029、28 | I13: 0 | K13: =I13-L13 -> 0 | L13: 0 | M13: 风险2级 | N13: 0.3 | O13: =L13*N13 -> 0 | P13: 高琳 | Q13: 陈浩 | R13: 1 | S13: =O13*R13 -> 0
A14: 11 | B14: 中铁十七局集团第二工程有限公司 | C14: 十七局二公司 | D14: 兴泉铁路 | E14: GN/SBCG/XQTLXM/2018/0009 | F14: 13110000 | G14: 43395 | H14: G100116047、G190218003 | I14: 13110000 | K14: =I14-L14 -> 0 | L14: 13110000 | M14: 不良3级 | N14: 0.4 | O14: =L14*N14 -> 5244000 | P14: 张仕民 | Q14: 杨志胜 | R14: 1 | S14: =O14*R14 -> 5244000
A15: 12 | B15: 中铁十七局集团第二工程有限公司 | C15: 十七局二公司 | D15: 兴泉铁路 | E15: GN/SBCG/XQTLXM/2018/0011 | F15: 1760000 | G15: 43406 | H15: G070117092 | I15: 176000 | K15: =I15-L15 -> 0 | L15: 176000 | M15: 一般3级 | N15: 0.4 | O15: =L15*N15 -> 70400 | P15: 张仕民 | Q15: 杨志胜 | R15: 1 | S15: =O15*R15 -> 70400
A16: 13 | B16: 中铁建大桥工程局集团第三工程有限公司 | C16: 中铁建大桥局三公司 | D16: 杭绍台铁路项目 | E16: 01-02-大桥局三公司(91210100122412687N)-2018-0451-01-2 | F16: 8600000 | G16: 43486 | H16: G070116135、G070117034、G070117104、G070117105 | I16: 2600000 | K16: =I16-L16 -> 0 | L16: 2600000 | M16: 风险2级 | N16: 0.3 | O16: =L16*N16 -> 780000 | P16: 高琳 | Q16: 陈浩 | R16: 1 | S16: =O16*R16 -> 780000
A17: 14 | B17: 中铁十六局集团第一工程有限公司 | C17: 十六局一公司 | D17: 福厦铁路一分部 | E17: 01gs-sbcg-2018-0002 | F17: 19960000 | G17: 43111 | H17: G100117011 | I17: 9980000 | K17: =I17-L17 -> 0 | L17: 9980000 | M17: 风险2级 | N17: 0.3 | O17: =L17*N17 -> 2994000 | P17: 张仕民 | Q17: 杨志胜 | R17: 0.7 | S17: =O17*R17 -> 2095800 | T17: 邓华富 | U17: 0.3 | V17: =O17*U17 -> 898200
A18: 15 | B18: 中铁十五局集团第三工程有限公司 | C18: 十五局三公司 | D18: 黄千高速 | E18: CR15JSB-3GS-YHXM--2018-10-01 | F18: 2600000 | G18: 43391 | H18: G020318035、36 | I18: 0 | K18: =I18-L18 -> 0 | L18: 0 | M18: 不良3级 | N18: 0.3 | O18: =L18*N18 -> 0 | P18: 高琳 | Q18: 陈浩 | R18: 1 | S18: =O18*R18 -> 0
A19: 16 | B19: 中铁二十一局集团第六工程有限公司 | C19: 二十一局六公司 | D19: 缙云项目 | E19: ZT21J-JYXMB-CSXDZ-SBCG2019-001 | F19: 1740000 | G19: 43640 | H19: G070118003 | I19: 0 | K19: =I19-L19 -> 0 | L19: 0 | M19: 不良1级 | N19: 0.3 | O19: =L19*N19 -> 0 | P19: 丁艳林 | Q19: 袁志凌 | R19: 1 | S19: =O19*R19 -> 0
A20: 17 | B20: 中铁二十一局集团第三工程有限公司 | C20: 二十一局三公司 | D20: 南龙高速 | E20: GSGZ-2019-026 | F20: 2475000 | G20: 43790 | H20: G020219059、G020219060 | I20: 0 | K20: =I20-L20 -> 0 | L20: 0 | M20: 不良1级 | N20: 0.4 | O20: =L20*N20 -> 0 | P20: 高琳 | Q20: 陈浩 | R20: 1 | S20: =O20*R20 -> 0
A21: 18 | B21: 中铁十五局集团第三工程有限公司 | C21: 十五局三公司 | D21: 成自铁路 | E21: CR15J-SBCG-CZTL-2019-001 | F21: 2600000 | G21: 43794 | H21: G020319058、G020319059 | I21: 0 | K21: =I21-L21 -> 0 | L21: 0 | N21: 0.3 | O21: =L21*N21 -> 0 | P21: 高琳 | Q21: 陈浩 | R21: 1 | S21: 0
A22: 19 | B22: 中铁十一局集团第二工程有限公司 | C22: 十一局二公司 | D22: 杭衢项目 | E22: ZT1102-SB2020006 | F22: 2400000 | G22: 43994 | H22: G020320057、G020320058 | I22: 0 | K22: =I22-L22 -> 0 | L22: 0 | M22: 不良1级 | N22: 0.2 | O22: =L22*N22 -> 0 | P22: 张仕民 | Q22: 邓华富 | R22: 1 | S22: =O22*R22 -> 0
A23: 20 | B23: 中铁二十五局集团第三工程有限公司 | C23: 二十五局三公司 | D23: 昌景黄铁路CJHZQJX-5标梁场项目 | E23: 三物设合(2020)-公司-购07 | F23: 2652000 | G23: 43937 | H23: G020219005、G020219008 | I23: 0 | K23: =I23-L23 -> 0 | L23: 0 | M23: 不良1级 | N23: 0.4 | O23: =L23*N23 -> 0 | P23: 高琳 | Q23: 陈浩 | R23: 1 | S23: =O23*R23 -> 0
A24: 21 | B24: 中交融资租赁有限公司 | C24: 中交融资租赁有限公司 | D24: 福建省福州市 | E24: CCCCFL17E0012-P-01 | F24: 15200000 | G24: 43055 | H24: ZY113 | I24: 0 | K24: =I24-L24 -> 0 | L24: 0 | N24: 0.4 | O24: =L24*N24 -> 0 | P24: 张仕民 | Q24: 杨志胜 | R24: 1 | S24: =O24*R24 -> 0
A25: 22 | B25: 中铁十二局集团第二工程有限公司 | C25: 十二局二公司 | D25: 苏州地铁 | E25: CR122-DGSZ-257-ZL025 | F25: 12318130 | G25: 43751 | H25: DG808 | I25: 0 | K25: =I25-L25 -> 0 | L25: 0 | M25: 一般3级 | N25: 0.2 | O25: =L25*N25 -> 0 | P25: 丁艳林 | Q25: 穆华清 | R25: 1 | S25: =O25*R25 -> 0
A26: 23 | B26: 中铁十二局集团第二工程有限公司 | C26: 十二局二公司 | D26: 苏州地铁 | E26: CR122-DGSZ-257-ZL025 | F26: 12318130 | G26: 43751 | H26: DG809 | I26: 0 | K26: =I26-L26 -> 0 | L26: 0 | M26: 一般3级 | N26: 0.2 | O26: =L26*N26 -> 0 | P26: 丁艳林 | Q26: 穆华清 | R26: 1 | S26: =O26*R26 -> 0
A27: 24 | B27: 中铁二十一局集团路桥工程有限公司 | C27: 二十一局路桥 | D27: 兴泉项目 | E27: 21JLQ-WS-SBMM-2019-007 | F27: 3930000 | G27: 43573 | H27: G020218135、G020218136 | I27: 337000 | K27: =I27-L27 -> 337000 | L27: 0 | M27: 不良1级 | N27: 0.4 | O27: =L27*N27 -> 0 | P27: 张仕民 | Q27: 杨志胜 | R27: 1 | S27: =O27*R27 -> 0
A28: 25 | B28: 中铁十一局集团城市轨道工程有限公司 | C28: 中铁十一局集团城市轨道工程有限公司 | D28: 罗宾斯8.8米盾构设备的再制造/改造/维修/组装/调试 | E28: DGGLZX-2017-DGJWX-22 | H28: DG425/433 | I28: 2228656.2 | K28: =I28-L28 -> 0 | L28: 2228656.2 | M28: 不良1级 | N28: 0.4 | O28: =L28*N28 -> 891462.5 | P28: 段靖宗 | Q28: 段靖宗 | R28: 1 | S28: =O28*R28 -> 891462.5
A29: 26 | B29: 中铁十一局集团第二工程有限公司宜遂高速项目经理部G020220037 | C29: 中铁十一局集团第二工程有限公司 | D29: 宜春至遂川高速公路C3标项目 | E29: ZT1102-SB2020009 | H29: G020220037 | I29: 0 | K29: =I29-L29 -> 0 | L29: 0 | M29: 不良1级 | N29: 0.2 | O29: =L29*N29 -> 0 | P29: 高琳 | Q29: 杨志胜 | R29: 1 | S29: =O29*R29 -> 0
A30: 27 | B30: 中铁十一局集团第二工程有限公司宜遂高速项目经理部G020220038/G020220039 | C30: 中铁十一局集团第二工程有限公司 | D30: 宜遂D3公路项目部 | E30: ZT1102-SB2020010 | H30: G020220038/G020220039 | I30: 0 | K30: =I30-L30 -> 0 | L30: 0 | M30: 不良1级 | N30: 0.2 | O30: =L30*N30 -> 0 | P30: 高琳 | Q30: 杨志胜 | R30: 1 | S30: =O30*R30 -> 0
A31: 28 | B31: 中铁二十四局集团有限公司 | C31: 中铁二十四局集团有限公司 | D31: 南京7号线 | E31: NJDT3B-2020-001 | F31: 14919990 | G31: 44084 | H31: DG810 | I31: 3556500 | K31: =I31-L31 -> 0 | L31: 3556500 | M31: 一般1级 | N31: 0.3 | O31: =L31*N31 -> 1066950 | P31: 丁艳林 | Q31: 穆华清 | R31: 0.7 | S31: =O31*R31 -> 746865 | T31: 赵宇瑄 | U31: 0.3 | V31: =O31*0.3 -> 320085
A32: 29 | B32: 中铁十二局集团第二工程有限公司 | C32: 中铁十二局集团第二工程有限公司 | D32: 苏州地铁 | E32: CR122-DGSZ-257-ZL025 | F32: 12318130 | G32: 43751 | H32: DG808 | I32: 2986740.8 | K32: =I32-L32 -> 0 | L32: 2986740.8 | M32: 一般3级 | N32: 0.2 | O32: =L32*N32 -> 597348.16 | P32: 丁艳林 | Q32: 穆华清 | R32: 1 | S32: =R32*O32 -> 597348.16
A33: 30 | B33: 中铁十二局集团第二工程有限公司 | C33: 中铁十二局集团第二工程有限公司 | D33: 苏州地铁 | E33: CR122-DGSZ-257-ZL025 | F33: 12318130 | G33: 43751 | H33: DG809 | I33: 2986740.8 | K33: =I33-L33 -> 0 | L33: 2986740.8 | M33: 一般3级 | N33: 0.2 | O33: =L33*N33 -> 597348.16 | P33: 丁艳林 | Q33: 穆华清 | R33: 1 | S33: =R33*O33 -> 597348.16
A34: 31 | B34: 中铁二十一局集团第三工程有限公司 | C34: 中铁二十一局集团第三工程有限公司 | D34: 南龙高速 | E34: GSGZ-2019-026 | F34: 2475000 | G34: 43790 | H34: G020219059/G020219060 | I34: 225000 | K34: =I34-L34 -> 168750 | L34: 56250 | M34: 一般3级 | N34: 0.4 | O34: =L34*N34 -> 22500 | P34: 高琳 | Q34: 陈浩 | R34: 1 | S34: =R34*O34 -> 22500
A35: 32 | B35: 中铁二十一局集团路桥工程有限公司 | C35: 中铁二十一局集团路桥工程有限公司 | D35: 兴泉项目 | E35: 21JLQ-WS-SBMM-2019-007 | F35: 3930000 | G35: 43573 | H35: G020218135/G020218136 | I35: 393000 | K35: =I35-L35 -> 393000 | L35: 0 | M35: 一般3级 | N35: 0.4 | O35: =L35*N35 -> 0 | P35: 张仕民 | Q35: 杨志胜 | R35: 1 | S35: =O35*R35 -> 0
A36: 33 | B36: 中铁建大桥局株洲桥梁有限公司昌景黄项目部 | C36: 中铁建大桥局株洲桥梁有限公司昌景黄项目部 | D36: 昌景黄项目部 | E36: CJH-SB-2019-003 | F36: 3960000 | G36: 43780 | H36: G020319054/G020319055 | I36: 910000 | K36: =I36-L36 -> 250000 | L36: 660000 | M36: 一般3级 | N36: 0.4 | O36: =L36*N36 -> 264000 | P36: 高琳 | Q36: 陈浩 | R36: 1 | S36: =O36*R36 -> 264000
A37: 34 | B37: 中铁十五局集团第三工程有限公司 | C37: 中铁十五局集团第三工程有限公司 | D37: 成自铁路 | E37: CR15J-SBCG-CZTL-2019-001 | F37: 2600000 | G37: 43794 | H37: G020319058、G020319059 | I37: 150000 | K37: =I37-L37 -> 0 | L37: 150000 | M37: 一般3级 | N37: 0.3 | O37: =L37*N37 -> 45000 | P37: 高琳 | Q37: 陈浩 | R37: 1 | S37: =O37*R37 -> 45000
A38: 35 | B38: 中铁十二局集团第一工程有限公司湖杭铁路项目经理部二分部 | D38: 湖杭铁路项目 | E38: CRCHI-TL-2019-009 | F38: 5340000 | G38: 43818 | H38: G020219057、G020219058、G020319069、G020319070 | I38: 0 | K38: =I38-L38 -> 0 | L38: 0 | M38: 一般3级 | N38: 0.3 | O38: =L38*N38 -> 0 | P38: 高琳 | Q38: 杨志胜 | R38: 1 | S38: =O38*R38 -> 0
A39: 36 | B39: 中铁十一局集团第二工程有限公司湖杭项目经理部 | D39: 湖杭项目 | E39: ZT1102-SB2020001 | H39: G020319073/G020319074/G020319071/G020319072 | I39: 0 | K39: =I39-L39 -> 0 | L39: 0 | M39: 一般1级 | N39: 0.4 | O39: =L39*N39 -> 0
A40: 37 | B40: 中铁二十二局集团第四工程有限公司杭温铁路站前工程四标项目部1分部 | D40: 杭温铁路 | E40: 04-HWTL-SBCG-2020-003 | H40: G020320034/G020320035/G020320077 | I40: 1480000 | K40: =I40-L40 -> 0 | L40: 1480000 | M40: 不良1级 | N40: 0.3 | O40: =L40*N40 -> 444000 | P40: 高琳 | Q40: 陈浩 | R40: 1 | S40: =O40*R40 -> 444000
A41: 38 | B41: 中铁十六局集团地铁工程有限公司杭州市第二水源输水通道项目部 | D41: 杭州市第二水源输水通道项目 | E41: ZT16DT-2019-HZWG002/01 | H41: DG549/DG550 | I41: 192500 | K41: =I41-L41 -> 0 | L41: 192500 | M41: 一般1级 | N41: 0.3 | O41: =L41*N41 -> 57750 | P41: 段靖宗 | Q41: 段靖宗 | R41: 0.7 | S41: =O41*R41 -> 40425 | T41: 唐作栋 | U41: 0.3 | V41: =O41*0.3 -> 17325
A42: 39 | B42: 中铁十六局集团地铁工程有限公司DG549增配 | D42: 杭州市第二水源输水通道项目部 | E42: ZT16DT-2019-HZWG002/01 | H42: DG549增配 | I42: 963807 | K42: =I42-L42 -> 0 | L42: 963807 | M42: 一般1级 | N42: 0.3 | O42: =L42*N42 -> 289142.1 | P42: 段靖宗 | Q42: 段靖宗 | R42: 0.7 | S42: =O42*R42 -> 202399.47 | T42: 唐作栋 | U42: 0.3 | V42: =O42*0.3 -> 86742.63
A43: 40 | B43: 中铁十六局集团地铁工程有限公司DG550增配 | D43: 杭州市第二水源输水通道项目部 | E43: ZT16DT-2019-HZWG002/01 | H43: DG550增配 | I43: 775647 | K43: =I43-L43 -> 0 | L43: 775647 | M43: 一般1级 | N43: 0.3 | O43: =L43*N43 -> 232694.1 | P43: 段靖宗 | Q43: 段靖宗 | R43: 0.7 | S43: =O43*R43 -> 162885.87 | T43: 唐作栋 | U43: 0.3 | V43: =O43*0.3 -> 69808.23
A44: 41 | B44: 中铁十九局集团第一工程有限公司 | D44: 朱溪水库 | E44: CR191-TZXM2017-SBHT001-补02 | H44: DZ413 | I44: 3147760.4 | K44: =I44-L44 -> 0 | L44: 3147760.4 | M44: 不良1级 | N44: 0.3 | O44: =L44*N44 -> 944328.12 | P44: 段靖宗 | Q44: 段靖宗 | R44: 0.7 | S44: =O44*R44 -> 661029.69 | T44: 唐作栋 | U44: 0.3 | V44: =O44*0.3 -> 283298.44
A45: 42 | B45: 中铁十一局集团城市轨道工程有限公司杭州地铁3号线一期工程土建施工SG3 | D45: 罗宾斯EPB340/345盾构机扩径 | E45: T11CG-2020-WX-DGGLZX-08 | H45: DG726/727 | I45: 6129601 | K45: =I45-L45 -> 362500 | L45: 5767101 | M45: 一般1级 | N45: 0.4 | O45: =L45*N45 -> 2306840.4 | P45: 段靖宗 | Q45: 段靖宗 | R45: 0.7 | S45: =O45*R45 -> 1614788.3 | T45: 唐作栋 | U45: 0.3 | V45: =O45*0.3 -> 692052.12
A46: 43 | B46: 中铁二十二局集团第一工程有限公司 | D46: 铁伊铁路 | E46: CR2201-SW-BB-SBCG-2021-003 | H46: G020320135 | I46: 2927530 | K46: =I46-L46 -> 0 | L46: 2927530 | M46: 一般1级 | N46: 0.4 | O46: =L46*N46 -> 1171012 | P46: 陈浩 | Q46: 陈浩 | R46: 1 | S46: =O46*R46 -> 1171012
A47: 44 | B47: 中铁二十五局集团第三工程有限公司昌景黄项目 | D47: 昌景黄铁路CJHZQJX-5标梁场项目 | E47: 三物设合(2020)-公司-购07 | H47: G020219005/G020219008 | I47: 256400 | K47: =I47-L47 -> 256400 | L47: 0 | M47: 一般1级 | N47: 0.4 | O47: =L47*N47 -> 0 | P47: 陈浩 | Q47: 陈浩 | R47: 1 | S47: =O47*R47 -> 0
A48: 45 | B48: 中铁十五局集团有限公司 | D48: 沈白高铁吉林段TJ-4标 | E48: CR15G-SBGT4B-SBCG-202108-004 | H48: G020321106/G020321107/G020321108/G020321109/G020320094/G020320093 | I48: 7668000 | K48: =I48-L48 -> 0 | L48: 7668000 | M48: 一般1级 | N48: 0.4 | O48: =L48*N48 -> 3067200 | P48: 杨志胜 | Q48: 杨志胜 | R48: 0.7 | S48: =O48*R48 -> 2147040 | T48: 邓华富 | U48: 0.3 | V48: =O48*0.3 -> 920160
A49: 46 | B49: 中铁十二局集团第三工程有限公司从化至黄埔高速从化项目部G020320063/64 | D49: 从化至黄埔高速 | E49: 公司设备-2020-035 | H49: G020320063/64 | I49: 1791600 | K49: =I49-L49 -> 0 | L49: 1791600 | M49: 一般1级 | N49: 0.3 | O49: =L49*N49 -> 537480 | P49: 杨志胜 | Q49: 杨志胜 | R49: 1 | S49: =O49*R49 -> 537480
A50: 47 | B50: 中亿丰建设集团股份有限公司 | D50: 苏州S1线 | E50: ZYFJS-ZGTJZG-201901 | H50: DZ692 | I50: 3200000 | K50: =I50-L50 -> 0 | L50: 3200000 | M50: 一般1级 | N50: 0.5 | O50: =L50*N50 -> 1600000 | P50: 穆华清 | Q50: 穆华清 | R50: 1 | S50: =O50*R50 -> 1600000
